{"nodes": [{"id":"determiners","group":0},
  {"id":"word-choice","group":0},
  {"id":"word-order","group":6},
  {"id":"adverbs","group":6},
  {"id":"commas","group":1},
  {"id":"grammar","group":7},
  {"id":"to-for","group":0},
  {"id":"computing","group":3},
  {"id":"single-word-requests","group":3},
  {"id":"inversion","group":6},
  {"id":"question-mark","group":1},
  {"id":"questions","group":1},
  {"id":"tenses","group":7},
  {"id":"verbs","group":7},
  {"id":"writing-style","group":7},
  {"id":"punctuation","group":1},
  {"id":"compounds","group":6},
  {"id":"adjectives","group":6},
  {"id":"present-perfect","group":7},
  {"id":"grammaticality","group":2},
  {"id":"gerunds","group":2},
  {"id":"nouns","group":6},
  {"id":"range-inclusion","group":0},
  {"id":"prepositions","group":0},
  {"id":"personal-pronouns","group":2},
  {"id":"pronouns","group":2},
  {"id":"collocation","group":4},
  {"id":"future-tense","group":7},
  {"id":"will-be-going","group":7},
  {"id":"ambiguity","group":4},
  {"id":"meaning","group":4},
  {"id":"expression-choice","group":3},
  {"id":"phrase-requests","group":3},
  {"id":"literature","group":4},
  {"id":"usage","group":0},
  {"id":"word-usage","group":0},
  {"id":"parentheses","group":1},
  {"id":"in-on","group":0},
  {"id":"phrases","group":3},
  {"id":"etymology","group":8},
  {"id":"past-tense","group":7},
  {"id":"email","group":0},
  {"id":"conditional","group":2},
  {"id":"possessives","group":2},
  {"id":"apostrophe","group":2},
  {"id":"vowels","group":8},
  {"id":"pronunciation-vs-spelling","group":8},
  {"id":"meaning-in-context","group":4},
  {"id":"connotation","group":0},
  {"id":"past-perfect","group":7},
  {"id":"time","group":0},
  {"id":"synonyms","group":0},
  {"id":"passive-voice","group":5},
  {"id":"active-voice","group":5},
  {"id":"gender-neutral","group":2},
  {"id":"present-tense","group":7},
  {"id":"perfect-aspect","group":7},
  {"id":"differences","group":6},
  {"id":"british-english","group":4},
  {"id":"collective-nouns","group":6},
  {"id":"verb-agreement","group":6},
  {"id":"capitalization","group":8},
  {"id":"proper-nouns","group":8},
  {"id":"dashes","group":1},
  {"id":"is-it-a-word","group":0},
  {"id":"attributive-nouns","group":6},
  {"id":"grammatical-number","group":6},
  {"id":"grammatical-structure","group":7},
  {"id":"sentence-structure","group":7},
  {"id":"zero-article","group":9},
  {"id":"articles","group":9},
  {"id":"part-of-speech","group":6},
  {"id":"vocabulary","group":3},
  {"id":"sp-vs-past-perfect","group":7},
  {"id":"writing","group":1},
  {"id":"prefixes","group":8},
  {"id":"subjunctive-mood","group":2},
  {"id":"date","group":0},
  {"id":"terminology","group":0},
  {"id":"lists","group":1},
  {"id":"orthography","group":8},
  {"id":"indefinite-articles","group":9},
  {"id":"definite-articles","group":9},
  {"id":"reflexives","group":2},
  {"id":"conditional-perfect","group":2},
  {"id":"old-english","group":8},
  {"id":"history","group":8},
  {"id":"superlative-degree","group":6},
  {"id":"hypernyms","group":6},
  {"id":"historical-change","group":8},
  {"id":"pronunciation","group":8},
  {"id":"phrasal-verbs","group":0},
  {"id":"idioms","group":3},
  {"id":"expressions","group":3},
  {"id":"period","group":1},
  {"id":"sentence-patterns","group":7},
  {"id":"quotations","group":1},
  {"id":"idiom-requests","group":3},
  {"id":"phonetics","group":10},
  {"id":"phonology","group":10},
  {"id":"pp-vs-sp","group":7},
  {"id":"comparative","group":6},
  {"id":"analogy","group":3},
  {"id":"phrase-meaning","group":3},
  {"id":"past-participle","group":6},
  {"id":"morphology","group":8},
  {"id":"contractions","group":2},
  {"id":"american-english","group":4},
  {"id":"present-participle","group":2},
  {"id":"sentence","group":7},
  {"id":"silent-letters","group":8},
  {"id":"transitivity","group":7},
  {"id":"neologisms","group":8},
  {"id":"epithet-requests","group":0},
  {"id":"greek","group":8},
  {"id":"relative-clause","group":2},
  {"id":"negation","group":2},
  {"id":"formality","group":0},
  {"id":"conjunctions","group":1},
  {"id":"quotes","group":1},
  {"id":"idiom-meaning","group":3},
  {"id":"simple-past","group":7},
  {"id":"objects","group":6},
  {"id":"subjects","group":6},
  {"id":"adverb-position","group":6},
  {"id":"letter-writing","group":0},
  {"id":"hyphenation","group":1},
  {"id":"expression-requests","group":3},
  {"id":"saying","group":3},
  {"id":"infinitives","group":2},
  {"id":"modal-verbs","group":7},
  {"id":"suffixes","group":8},
  {"id":"rhotic","group":8},
  {"id":"parallelism","group":2},
  {"id":"origin-unknown","group":8},
  {"id":"ids","group":8},
  {"id":"syntactic-analysis","group":7},
  {"id":"slang","group":8},
  {"id":"at-in","group":0},
  {"id":"gender","group":2},
  {"id":"latin","group":8},
  {"id":"politeness","group":0},
  {"id":"linguistics","group":7},
  {"id":"proverb-requests","group":3},
  {"id":"sentence-starts","group":2},
  {"id":"countable-nouns","group":11},
  {"id":"uncountable-nouns","group":11},
  {"id":"ic-ical","group":6},
  {"id":"spacing","group":8},
  {"id":"acronyms","group":14},
  {"id":"abbreviations","group":14},
  {"id":"technical","group":0},
  {"id":"programming","group":0},
  {"id":"antonyms","group":0},
  {"id":"alternative-words","group":12},
  {"id":"alternative","group":12},
  {"id":"stress","group":8},
  {"id":"relative-pronouns","group":2},
  {"id":"quotation-marks","group":1},
  {"id":"pejorative-language","group":0},
  {"id":"colon","group":13},
  {"id":"semicolon","group":13},
  {"id":"initialisms","group":14},
  {"id":"prepositional-phrase","group":0},
  {"id":"proverbs","group":4},
  {"id":"business-language","group":0},
  {"id":"nuance","group":4}],
  "links": [{"source":"determiners","target":"word-choice"},
    {"source":"word-order","target":"adverbs"},
    {"source":"commas","target":"grammar"},
    {"source":"to-for","target":"word-choice"},
    {"source":"computing","target":"single-word-requests"},
    {"source":"inversion","target":"word-order"},
    {"source":"question-mark","target":"questions"},
    {"source":"tenses","target":"verbs"},
    {"source":"writing-style","target":"punctuation"},
    {"source":"compounds","target":"adjectives"},
    {"source":"present-perfect","target":"grammaticality"},
    {"source":"gerunds","target":"nouns"},
    {"source":"range-inclusion","target":"prepositions"},
    {"source":"personal-pronouns","target":"pronouns"},
    {"source":"collocation","target":"nouns"},
    {"source":"future-tense","target":"will-be-going"},
    {"source":"ambiguity","target":"meaning"},
    {"source":"expression-choice","target":"phrase-requests"},
    {"source":"literature","target":"meaning"},
    {"source":"usage","target":"word-usage"},
    {"source":"parentheses","target":"punctuation"},
    {"source":"in-on","target":"word-choice"},
    {"source":"expression-choice","target":"phrases"},
    {"source":"computing","target":"etymology"},
    {"source":"present-perfect","target":"past-tense"},
    {"source":"email","target":"word-choice"},
    {"source":"personal-pronouns","target":"grammaticality"},
    {"source":"prepositions","target":"word-choice"},
    {"source":"conditional","target":"grammaticality"},
    {"source":"possessives","target":"apostrophe"},
    {"source":"vowels","target":"pronunciation-vs-spelling"},
    {"source":"ambiguity","target":"meaning-in-context"},
    {"source":"literature","target":"meaning-in-context"},
    {"source":"connotation","target":"single-word-requests"},
    {"source":"past-tense","target":"past-perfect"},
    {"source":"time","target":"prepositions"},
    {"source":"single-word-requests","target":"phrase-requests"},
    {"source":"synonyms","target":"word-choice"},
    {"source":"passive-voice","target":"active-voice"},
    {"source":"gender-neutral","target":"pronouns"},
    {"source":"grammaticality","target":"prepositions"},
    {"source":"present-tense","target":"perfect-aspect"},
    {"source":"differences","target":"nouns"},
    {"source":"british-english","target":"meaning"},
    {"source":"collective-nouns","target":"verb-agreement"},
    {"source":"past-tense","target":"grammar"},
    {"source":"capitalization","target":"proper-nouns"},
    {"source":"dashes","target":"punctuation"},
    {"source":"writing-style","target":"grammaticality"},
    {"source":"is-it-a-word","target":"word-usage"},
    {"source":"present-perfect","target":"present-tense"},
    {"source":"attributive-nouns","target":"grammatical-number"},
    {"source":"grammatical-structure","target":"sentence-structure"},
    {"source":"zero-article","target":"articles"},
    {"source":"present-perfect","target":"tenses"},
    {"source":"part-of-speech","target":"adjectives"},
    {"source":"vocabulary","target":"word-choice"},
    {"source":"sp-vs-past-perfect","target":"past-perfect"},
    {"source":"writing","target":"punctuation"},
    {"source":"prefixes","target":"etymology"},
    {"source":"conditional","target":"subjunctive-mood"},
    {"source":"date","target":"time"},
    {"source":"nouns","target":"adjectives"},
    {"source":"terminology","target":"word-choice"},
    {"source":"lists","target":"punctuation"},
    {"source":"capitalization","target":"orthography"},
    {"source":"indefinite-articles","target":"definite-articles"},
    {"source":"reflexives","target":"pronouns"},
    {"source":"conditional-perfect","target":"conditional"},
    {"source":"vocabulary","target":"single-word-requests"},
    {"source":"vocabulary","target":"meaning"},
    {"source":"old-english","target":"history"},
    {"source":"superlative-degree","target":"adjectives"},
    {"source":"hypernyms","target":"word-choice"},
    {"source":"historical-change","target":"pronunciation"},
    {"source":"pronouns","target":"word-choice"},
    {"source":"phrasal-verbs","target":"prepositions"},
    {"source":"present-perfect","target":"grammar"},
    {"source":"is-it-a-word","target":"word-choice"},
    {"source":"idioms","target":"expressions"},
    {"source":"collocation","target":"prepositions"},
    {"source":"period","target":"punctuation"},
    {"source":"sentence-patterns","target":"grammar"},
    {"source":"gerunds","target":"prepositions"},
    {"source":"quotations","target":"punctuation"},
    {"source":"phrase-requests","target":"idiom-requests"},
    {"source":"date","target":"prepositions"},
    {"source":"phonetics","target":"phonology"},
    {"source":"phrasal-verbs","target":"word-choice"},
    {"source":"present-perfect","target":"pp-vs-sp"},
    {"source":"superlative-degree","target":"comparative"},
    {"source":"grammatical-number","target":"verb-agreement"},
    {"source":"analogy","target":"single-word-requests"},
    {"source":"part-of-speech","target":"nouns"},
    {"source":"phrase-meaning","target":"phrases"},
    {"source":"expression-choice","target":"expressions"},
    {"source":"past-participle","target":"word-choice"},
    {"source":"morphology","target":"etymology"},
    {"source":"expression-choice","target":"word-choice"},
    {"source":"contractions","target":"apostrophe"},
    {"source":"historical-change","target":"history"},
    {"source":"future-tense","target":"present-tense"},
    {"source":"american-english","target":"british-english"},
    {"source":"present-participle","target":"gerunds"},
    {"source":"sentence","target":"meaning"},
    {"source":"silent-letters","target":"pronunciation"},
    {"source":"transitivity","target":"verbs"},
    {"source":"nouns","target":"word-choice"},
    {"source":"neologisms","target":"meaning"},
    {"source":"subjunctive-mood","target":"grammaticality"},
    {"source":"epithet-requests","target":"word-choice"},
    {"source":"greek","target":"etymology"},
    {"source":"analogy","target":"nouns"},
    {"source":"relative-clause","target":"pronouns"},
    {"source":"negation","target":"meaning"},
    {"source":"writing-style","target":"grammar"},
    {"source":"hypernyms","target":"nouns"},
    {"source":"formality","target":"word-choice"},
    {"source":"past-participle","target":"adjectives"},
    {"source":"conjunctions","target":"grammaticality"},
    {"source":"quotations","target":"quotes"},
    {"source":"idiom-meaning","target":"expressions"},
    {"source":"conjunctions","target":"punctuation"},
    {"source":"meaning","target":"word-choice"},
    {"source":"idioms","target":"phrases"},
    {"source":"simple-past","target":"grammaticality"},
    {"source":"idiom-meaning","target":"idioms"},
    {"source":"objects","target":"subjects"},
    {"source":"adverb-position","target":"word-order"},
    {"source":"letter-writing","target":"formality"},
    {"source":"single-word-requests","target":"word-choice"},
    {"source":"negation","target":"grammar"},
    {"source":"hyphenation","target":"compounds"},
    {"source":"expression-requests","target":"phrase-requests"},
    {"source":"collocation","target":"word-choice"},
    {"source":"adverb-position","target":"adverbs"},
    {"source":"indefinite-articles","target":"articles"},
    {"source":"expression-requests","target":"idiom-requests"},
    {"source":"saying","target":"expressions"},
    {"source":"subjects","target":"verbs"},
    {"source":"phrase-requests","target":"expressions"},
    {"source":"commas","target":"conjunctions"},
    {"source":"past-participle","target":"verbs"},
    {"source":"possessives","target":"grammatical-number"},
    {"source":"expression-choice","target":"single-word-requests"},
    {"source":"gerunds","target":"infinitives"},
    {"source":"hyphenation","target":"adjectives"},
    {"source":"possessives","target":"grammaticality"},
    {"source":"grammatical-number","target":"grammaticality"},
    {"source":"attributive-nouns","target":"nouns"},
    {"source":"modal-verbs","target":"word-choice"},
    {"source":"compounds","target":"nouns"},
    {"source":"connotation","target":"nouns"},
    {"source":"suffixes","target":"etymology"},
    {"source":"rhotic","target":"pronunciation"},
    {"source":"adverbs","target":"adjectives"},
    {"source":"phrase-meaning","target":"expressions"},
    {"source":"collocation","target":"verbs"},
    {"source":"collocation","target":"meaning"},
    {"source":"parallelism","target":"grammaticality"},
    {"source":"indefinite-articles","target":"word-choice"},
    {"source":"word-usage","target":"word-choice"},
    {"source":"meaning-in-context","target":"meaning"},
    {"source":"future-tense","target":"modal-verbs"},
    {"source":"origin-unknown","target":"etymology"},
    {"source":"dashes","target":"hyphenation"},
    {"source":"infinitives","target":"grammaticality"},
    {"source":"orthography","target":"etymology"},
    {"source":"meaning","target":"differences"},
    {"source":"articles","target":"definite-articles"},
    {"source":"names","target":"pronunciation"},
    {"source":"syntactic-analysis","target":"grammar"},
    {"source":"suffixes","target":"orthography"},
    {"source":"zero-article","target":"definite-articles"},
    {"source":"slang","target":"etymology"},
    {"source":"question-mark","target":"punctuation"},
    {"source":"simple-past","target":"verbs"},
    {"source":"subjects","target":"verb-agreement"},
    {"source":"differences","target":"word-choice"},
    {"source":"collocation","target":"grammaticality"},
    {"source":"comparative","target":"grammaticality"},
    {"source":"at-in","target":"prepositions"},
    {"source":"to-for","target":"prepositions"},
    {"source":"gender","target":"pronouns"},
    {"source":"sentence","target":"grammar"},
    {"source":"greek","target":"latin"},
    {"source":"politeness","target":"word-choice"},
    {"source":"hyphenation","target":"orthography"},
    {"source":"suffixes","target":"nouns"},
    {"source":"negation","target":"grammaticality"},
    {"source":"connotation","target":"meaning"},
    {"source":"linguistics","target":"grammar"},
    {"source":"possessives","target":"pronouns"},
    {"source":"meaning","target":"phrases"},
    {"source":"proverb-requests","target":"idiom-requests"},
    {"source":"sentence-starts","target":"grammaticality"},
    {"source":"etymology","target":"idioms"},
    {"source":"verbs","target":"word-choice"},
    {"source":"countable-nouns","target":"uncountable-nouns"},
    {"source":"ic-ical","target":"adjectives"},
    {"source":"commas","target":"punctuation"},
    {"source":"part-of-speech","target":"adverbs"},
    {"source":"past-tense","target":"verbs"},
    {"source":"saying","target":"phrases"},
    {"source":"spacing","target":"orthography"},
    {"source":"suffixes","target":"meaning"},
    {"source":"acronyms","target":"abbreviations"},
    {"source":"infinitives","target":"verbs"},
    {"source":"present-perfect","target":"simple-past"},
    {"source":"tenses","target":"grammar"},
    {"source":"technical","target":"word-choice"},
    {"source":"orthography","target":"pronunciation-vs-spelling"},
    {"source":"phrases","target":"expressions"},
    {"source":"programming","target":"word-choice"},
    {"source":"antonyms","target":"word-choice"},
    {"source":"neologisms","target":"etymology"},
    {"source":"vowels","target":"pronunciation"},
    {"source":"alternative-words","target":"alternative"},
    {"source":"sentence","target":"sentence-structure"},
    {"source":"adverbs","target":"word-choice"},
    {"source":"stress","target":"pronunciation"},
    {"source":"technical","target":"meaning"},
    {"source":"relative-pronouns","target":"relative-clause"},
    {"source":"quotations","target":"quotation-marks"},
    {"source":"epithet-requests","target":"pejorative-language"},
    {"source":"present-perfect","target":"past-perfect"},
    {"source":"connotation","target":"word-choice"},
    {"source":"grammatical-structure","target":"grammaticality"},
    {"source":"historical-change","target":"etymology"},
    {"source":"colon","target":"semicolon"},
    {"source":"suffixes","target":"adjectives"},
    {"source":"pejorative-language","target":"word-choice"},
    {"source":"conjunctions","target":"word-choice"},
    {"source":"collocation","target":"adjectives"},
    {"source":"tenses","target":"past-tense"},
    {"source":"old-english","target":"etymology"},
    {"source":"relative-clause","target":"grammaticality"},
    {"source":"gerunds","target":"verbs"},
    {"source":"acronyms","target":"initialisms"},
    {"source":"grammatical-number","target":"nouns"},
    {"source":"prepositional-phrase","target":"prepositions"},
    {"source":"pronunciation","target":"pronunciation-vs-spelling"},
    {"source":"comparative","target":"adjectives"},
    {"source":"proverbs","target":"idioms"},
    {"source":"business-language","target":"word-choice"},
    {"source":"grammaticality","target":"word-choice"},
    {"source":"connotation","target":"word-usage"},
    {"source":"hyphenation","target":"punctuation"},
    {"source":"prefixes","target":"meaning"},
    {"source":"proverbs","target":"meaning"},
    {"source":"nuance","target":"meaning"},
    {"source":"past-tense","target":"present-tense"},
    {"source":"simple-past","target":"past-perfect"},
    {"source":"at-in","target":"word-choice"},
    {"source":"idiom-meaning","target":"phrase-meaning"},
    {"source":"sentence-patterns","target":"sentence-structure"},
    {"source":"gerunds","target":"grammaticality"},
    {"source":"technical","target":"terminology"}]}
