{
  "nodes":[{"id":"derivatives","group":0,"degree":7},
    {"id":"multivariable-calculus","group":0,"degree":7},
    {"id":"definite-integrals","group":1,"degree":7},
    {"id":"special-functions","group":1,"degree":6},
    {"id":"vectors","group":0,"degree":6},
    {"id":"real-analysis","group":3,"degree":9},
    {"id":"integration","group":1,"degree":8},
    {"id":"closed-form","group":1,"degree":6},
    {"id":"probability","group":2,"degree":8},
    {"id":"sequences-and-series","group":3,"degree":8},
    {"id":"algebra-precalculus","group":0,"degree":8},
    {"id":"limits","group":4,"degree":8},
    {"id":"proof-verification","group":4,"degree":7},
    {"id":"differential-equations","group":5,"degree":8},
    {"id":"radicals","group":4,"degree":6},
    {"id":"contour-integration","group":1,"degree":6},
    {"id":"linear-algebra","group":0,"degree":8},
    {"id":"trigonometry","group":1,"degree":7},
    {"id":"power-series","group":3,"degree":6},
    {"id":"taylor-expansion","group":3,"degree":6},
    {"id":"convergence","group":3,"degree":7},
    {"id":"statistics","group":2,"degree":8},
    {"id":"functions","group":0,"degree":8},
    {"id":"measure-theory","group":3,"degree":8},
    {"id":"improper-integrals","group":1,"degree":6},
    {"id":"indefinite-integrals","group":1,"degree":6},
    {"id":"continuity","group":0,"degree":7},
    {"id":"analysis","group":3,"degree":8},
    {"id":"inequality","group":3,"degree":7},
    {"id":"exponential-function","group":4,"degree":6},
    {"id":"functional-analysis","group":3,"degree":8},
    {"id":"divergent-series","group":3,"degree":5},
    {"id":"complex-analysis","group":3,"degree":8},
    {"id":"logarithms","group":1,"degree":7},
    {"id":"matrices","group":0,"degree":8},
    {"id":"volume","group":1,"degree":6},
    {"id":"area","group":1,"degree":6},
    {"id":"general-topology","group":3,"degree":8},
    {"id":"optimization","group":0,"degree":7},
    {"id":"summation","group":3,"degree":7},
    {"id":"proof-writing","group":3,"degree":7},
    {"id":"probability-distributions","group":2,"degree":7},
    {"id":"complex-numbers","group":3,"degree":7},
    {"id":"partial-derivative","group":0,"degree":6},
    {"id":"pde","group":5,"degree":7},
    {"id":"implicit-differentiation","group":0,"degree":5},
    {"id":"limits-without-lhopital","group":4,"degree":5},
    {"id":"infinity","group":4,"degree":6},
    {"id":"epsilon-delta","group":4,"degree":5},
    {"id":"vector-analysis","group":0,"degree":6},
    {"id":"polar-coordinates","group":1,"degree":6}],
  "links":[{"source":"derivatives","target":"multivariable-calculus","color":0},
    {"source":"definite-integrals","target":"special-functions","color":1},
    {"source":"multivariable-calculus","target":"vectors","color":0},
    {"source":"real-analysis","target":"integration","color":3},
    {"source":"closed-form","target":"integration","color":1},
    {"source":"probability","target":"integration","color":2},
    {"source":"sequences-and-series","target":"integration","color":3},
    {"source":"algebra-precalculus","target":"limits","color":0},
    {"source":"proof-verification","target":"limits","color":4},
    {"source":"sequences-and-series","target":"limits","color":3},
    {"source":"real-analysis","target":"differential-equations","color":3},
    {"source":"radicals","target":"limits","color":4},
    {"source":"integration","target":"contour-integration","color":1},
    {"source":"real-analysis","target":"limits","color":3},
    {"source":"multivariable-calculus","target":"linear-algebra","color":0},
    {"source":"derivatives","target":"trigonometry","color":0},
    {"source":"power-series","target":"taylor-expansion","color":3},
    {"source":"definite-integrals","target":"closed-form","color":1},
    {"source":"real-analysis","target":"convergence","color":3},
    {"source":"probability","target":"statistics","color":2},
    {"source":"special-functions","target":"integration","color":1},
    {"source":"algebra-precalculus","target":"functions","color":0},
    {"source":"real-analysis","target":"measure-theory","color":3},
    {"source":"real-analysis","target":"improper-integrals","color":3},
    {"source":"trigonometry","target":"indefinite-integrals","color":1},
    {"source":"real-analysis","target":"continuity","color":3},
    {"source":"functions","target":"continuity","color":0},
    {"source":"sequences-and-series","target":"analysis","color":3},
    {"source":"algebra-precalculus","target":"inequality","color":0},
    {"source":"exponential-function","target":"limits","color":4},
    {"source":"derivatives","target":"limits","color":0},
    {"source":"algebra-precalculus","target":"trigonometry","color":0},
    {"source":"analysis","target":"functional-analysis","color":3},
    {"source":"integration","target":"improper-integrals","color":1},
    {"source":"integration","target":"indefinite-integrals","color":1},
    {"source":"functions","target":"limits","color":0},
    {"source":"continuity","target":"limits","color":0},
    {"source":"real-analysis","target":"multivariable-calculus","color":3},
    {"source":"sequences-and-series","target":"divergent-series","color":3},
    {"source":"integration","target":"differential-equations","color":1},
    {"source":"definite-integrals","target":"real-analysis","color":1},
    {"source":"integration","target":"analysis","color":1},
    {"source":"real-analysis","target":"complex-analysis","color":3},
    {"source":"real-analysis","target":"functions","color":3},
    {"source":"integration","target":"logarithms","color":1},
    {"source":"real-analysis","target":"inequality","color":3},
    {"source":"linear-algebra","target":"matrices","color":0},
    {"source":"convergence","target":"limits","color":3},
    {"source":"volume","target":"integration","color":1},
    {"source":"area","target":"integration","color":1},
    {"source":"sequences-and-series","target":"taylor-expansion","color":3},
    {"source":"real-analysis","target":"general-topology","color":3},
    {"source":"multivariable-calculus","target":"optimization","color":0},
    {"source":"trigonometry","target":"limits","color":1},
    {"source":"definite-integrals","target":"complex-analysis","color":1},
    {"source":"multivariable-calculus","target":"integration","color":0},
    {"source":"algebra-precalculus","target":"derivatives","color":0},
    {"source":"derivatives","target":"functions","color":0},
    {"source":"sequences-and-series","target":"summation","color":3},
    {"source":"real-analysis","target":"derivatives","color":3},
    {"source":"real-analysis","target":"proof-writing","color":3},
    {"source":"probability-distributions","target":"probability","color":2},
    {"source":"real-analysis","target":"power-series","color":3},
    {"source":"definite-integrals","target":"trigonometry","color":1},
    {"source":"real-analysis","target":"functional-analysis","color":3},
    {"source":"trigonometry","target":"integration","color":1},
    {"source":"analysis","target":"limits","color":3},
    {"source":"complex-analysis","target":"complex-numbers","color":3},
    {"source":"closed-form","target":"sequences-and-series","color":1},
    {"source":"derivatives","target":"differential-equations","color":0},
    {"source":"multivariable-calculus","target":"partial-derivative","color":0},
    {"source":"real-analysis","target":"sequences-and-series","color":3},
    {"source":"derivatives","target":"continuity","color":0},
    {"source":"pde","target":"differential-equations","color":5},
    {"source":"derivatives","target":"implicit-differentiation","color":0},
    {"source":"limits-without-lhopital","target":"limits","color":4},
    {"source":"definite-integrals","target":"improper-integrals","color":1},
    {"source":"infinity","target":"limits","color":4},
    {"source":"epsilon-delta","target":"limits","color":4},
    {"source":"derivatives","target":"partial-derivative","color":0},
    {"source":"functions","target":"integration","color":0},
    {"source":"convergence","target":"integration","color":3},
    {"source":"inequality","target":"analysis","color":3},
    {"source":"complex-analysis","target":"integration","color":3},
    {"source":"sequences-and-series","target":"convergence","color":3},
    {"source":"definite-integrals","target":"integration","color":1},
    {"source":"sequences-and-series","target":"power-series","color":3},
    {"source":"convergence","target":"analysis","color":3},
    {"source":"derivatives","target":"integration","color":0},
    {"source":"derivatives","target":"optimization","color":0},
    {"source":"functions","target":"analysis","color":0},
    {"source":"real-analysis","target":"taylor-expansion","color":3},
    {"source":"complex-analysis","target":"analysis","color":3},
    {"source":"multivariable-calculus","target":"vector-analysis","color":0},
    {"source":"real-analysis","target":"analysis","color":3},
    {"source":"integration","target":"polar-coordinates","color":1},
    {"source":"real-analysis","target":"proof-verification","color":3}]
}