{
  "nodes":[{"id":"determiners","group":0,"degree":12 },
    {"id":"word-choice","group":0,"degree":13 },
    {"id":"word-order","group":6,"degree":14 },
    {"id":"adverbs","group":6,"degree":10 },
    {"id":"commas","group":1,"degree":12 },
    {"id":"grammar","group":7,"degree":9 },
    {"id":"to-for","group":0,"degree":10 },
    {"id":"computing","group":3,"degree":10 },
    {"id":"single-word-requests","group":3,"degree":10 },
    {"id":"inversion","group":6,"degree":6 },
    {"id":"question-mark","group":1,"degree":6 },
    {"id":"questions","group":1,"degree":10 },
    {"id":"tenses","group":7,"degree":13 },
    {"id":"verbs","group":7,"degree":10 },
    {"id":"writing-style","group":7,"degree":11 },
    {"id":"punctuation","group":1,"degree":12 },
    {"id":"compounds","group":6,"degree":9 },
    {"id":"adjectives","group":6,"degree":8 },
    {"id":"present-perfect","group":7,"degree":5 },
    {"id":"grammaticality","group":2,"degree":6 },
    {"id":"gerunds","group":2,"degree":8 },
    {"id":"nouns","group":6,"degree":9 },
    {"id":"range-inclusion","group":0,"degree":11 },
    {"id":"prepositions","group":0,"degree":8 },
    {"id":"personal-pronouns","group":2,"degree":12 },
    {"id":"pronouns","group":2,"degree":7 },
    {"id":"collocation","group":4,"degree":10 },
    {"id":"future-tense","group":7,"degree":8 },
    {"id":"will-be-going","group":7,"degree":14 },
    {"id":"ambiguity","group":4,"degree":8 },
    {"id":"meaning","group":4,"degree":7 },
    {"id":"expression-choice","group":3,"degree":9 },
    {"id":"phrase-requests","group":3,"degree":10 },
    {"id":"literature","group":4,"degree":11 },
    {"id":"usage","group":0,"degree":6 },
    {"id":"word-usage","group":0,"degree":7 },
    {"id":"parentheses","group":1,"degree":10 },
    {"id":"in-on","group":0,"degree":8 },
    {"id":"phrases","group":3,"degree":10 },
    {"id":"etymology","group":8,"degree":9 },
    {"id":"past-tense","group":7,"degree":10 },
    {"id":"email","group":0,"degree":5 },
    {"id":"conditional","group":2,"degree":10 },
    {"id":"possessives","group":2,"degree":10 },
    {"id":"apostrophe","group":2,"degree":7 },
    {"id":"vowels","group":8,"degree":9 },
    {"id":"pronunciation-vs-spelling","group":8,"degree":14 },
    {"id":"meaning-in-context","group":4,"degree":11 },
    {"id":"connotation","group":0,"degree":10 },
    {"id":"past-perfect","group":7,"degree":9 },
    {"id":"time","group":0,"degree":10 },
    {"id":"synonyms","group":0,"degree":6 },
    {"id":"passive-voice","group":5,"degree":11 },
    {"id":"active-voice","group":5,"degree":8 },
    {"id":"gender-neutral","group":2,"degree":10 },
    {"id":"present-tense","group":7,"degree":10 },
    {"id":"perfect-aspect","group":7,"degree":11 },
    {"id":"differences","group":6,"degree":6 },
    {"id":"british-english","group":4,"degree":11 },
    {"id":"collective-nouns","group":6,"degree":10 },
    {"id":"verb-agreement","group":6,"degree":6 },
    {"id":"capitalization","group":8,"degree":8 },
    {"id":"proper-nouns","group":8,"degree":10 },
    {"id":"dashes","group":1,"degree":11 },
    {"id":"is-it-a-word","group":0,"degree":5 },
    {"id":"attributive-nouns","group":6,"degree":9 },
    {"id":"grammatical-number","group":6,"degree":10 },
    {"id":"grammatical-structure","group":7,"degree":14 },
    {"id":"sentence-structure","group":7,"degree":9 },
    {"id":"zero-article","group":9,"degree":14 },
    {"id":"articles","group":9,"degree":10 },
    {"id":"part-of-speech","group":6,"degree":11 },
    {"id":"vocabulary","group":3,"degree":11 },
    {"id":"sp-vs-past-perfect","group":7,"degree":7 },
    {"id":"writing","group":1,"degree":13 },
    {"id":"prefixes","group":8,"degree":9 },
    {"id":"subjunctive-mood","group":2,"degree":9 },
    {"id":"date","group":0,"degree":11 },
    {"id":"terminology","group":0,"degree":12 },
    {"id":"lists","group":1,"degree":11 },
    {"id":"orthography","group":8,"degree":10 },
    {"id":"indefinite-articles","group":9,"degree":6 },
    {"id":"definite-articles","group":9,"degree":9 },
    {"id":"reflexives","group":2,"degree":11 },
    {"id":"conditional-perfect","group":2,"degree":6 },
    {"id":"old-english","group":8,"degree":7 },
    {"id":"history","group":8,"degree":7 },
    {"id":"superlative-degree","group":6,"degree":12 },
    {"id":"hypernyms","group":6,"degree":7 },
    {"id":"historical-change","group":8,"degree":12 },
    {"id":"pronunciation","group":8,"degree":8 },
    {"id":"phrasal-verbs","group":0,"degree":8 },
    {"id":"idioms","group":3,"degree":11 },
    {"id":"expressions","group":3,"degree":8 },
    {"id":"period","group":1,"degree":11 },
    {"id":"sentence-patterns","group":7,"degree":10 },
    {"id":"quotations","group":1,"degree":10 },
    {"id":"idiom-requests","group":3,"degree":6 },
    {"id":"phonetics","group":10,"degree":11 },
    {"id":"phonology","group":10,"degree":9 },
    {"id":"pp-vs-sp","group":7,"degree":10 },
    {"id":"comparative","group":6,"degree":11 },
    {"id":"analogy","group":3,"degree":8 },
    {"id":"phrase-meaning","group":3,"degree":8 },
    {"id":"past-participle","group":6,"degree":8 },
    {"id":"morphology","group":8,"degree":7 },
    {"id":"contractions","group":2,"degree":10 },
    {"id":"american-english","group":4,"degree":12 },
    {"id":"present-participle","group":2,"degree":10 },
    {"id":"sentence","group":7,"degree":9 },
    {"id":"silent-letters","group":8,"degree":12 },
    {"id":"transitivity","group":7,"degree":12 },
    {"id":"neologisms","group":8,"degree":7 },
    {"id":"epithet-requests","group":0,"degree":14 },
    {"id":"greek","group":8,"degree":9 },
    {"id":"relative-clause","group":2,"degree":9 },
    {"id":"negation","group":2,"degree":10 },
    {"id":"formality","group":0,"degree":11 },
    {"id":"conjunctions","group":1,"degree":10 },
    {"id":"quotes","group":1,"degree":10 },
    {"id":"idiom-meaning","group":3,"degree":11 },
    {"id":"simple-past","group":7,"degree":10 },
    {"id":"objects","group":6,"degree":12 },
    {"id":"subjects","group":6,"degree":7 },
    {"id":"adverb-position","group":6,"degree":7 },
    {"id":"letter-writing","group":0,"degree":10 },
    {"id":"hyphenation","group":1,"degree":9 },
    {"id":"expression-requests","group":3,"degree":11 },
    {"id":"saying","group":3,"degree":11 },
    {"id":"infinitives","group":2,"degree":9 },
    {"id":"modal-verbs","group":7,"degree":10 },
    {"id":"suffixes","group":8,"degree":9 },
    {"id":"rhotic","group":8,"degree":9 },
    {"id":"parallelism","group":2,"degree":8 },
    {"id":"origin-unknown","group":8,"degree":12 },
    {"id":"names","group":8,"degree":9 },
    {"id":"syntactic-analysis","group":7,"degree":12 },
    {"id":"slang","group":8,"degree":11 },
    {"id":"at-in","group":0,"degree":9 },
    {"id":"gender","group":2,"degree":10 },
    {"id":"latin","group":8,"degree":7 },
    {"id":"politeness","group":0,"degree":8 },
    {"id":"linguistics","group":7,"degree":7 },
    {"id":"proverb-requests","group":3,"degree":12 },
    {"id":"sentence-starts","group":2,"degree":11 },
    {"id":"countable-nouns","group":11,"degree":12 },
    {"id":"uncountable-nouns","group":11,"degree":8 },
    {"id":"ic-ical","group":6,"degree":9 },
    {"id":"spacing","group":8,"degree":11 },
    {"id":"acronyms","group":14,"degree":11 },
    {"id":"abbreviations","group":14,"degree":14 },
    {"id":"technical","group":0,"degree":12 },
    {"id":"programming","group":0,"degree":9 },
    {"id":"antonyms","group":0,"degree":9 },
    {"id":"alternative-words","group":12,"degree":8 },
    {"id":"alternative","group":12,"degree":11 },
    {"id":"stress","group":8,"degree":10 },
    {"id":"relative-pronouns","group":2,"degree":10 },
    {"id":"quotation-marks","group":1,"degree":11 },
    {"id":"pejorative-language","group":0,"degree":10 },
    {"id":"colon","group":13,"degree":10 },
    {"id":"semicolon","group":13,"degree":10 },
    {"id":"initialisms","group":14,"degree":10 },
    {"id":"prepositional-phrase","group":0,"degree":14 },
    {"id":"proverbs","group":4,"degree":12 },
    {"id":"business-language","group":0,"degree":11 },
    {"id":"nuance","group":4,"degree":12 }],
  "links":[{"source":"determiners","target":"word-choice","color":0},
    {"source":"word-order","target":"adverbs","color":6},
    {"source":"commas","target":"grammar","color":1},
    {"source":"to-for","target":"word-choice","color":0},
    {"source":"computing","target":"single-word-requests","color":3},
    {"source":"inversion","target":"word-order","color":6},
    {"source":"question-mark","target":"questions","color":1},
    {"source":"tenses","target":"verbs","color":7},
    {"source":"writing-style","target":"punctuation","color":7},
    {"source":"compounds","target":"adjectives","color":6},
    {"source":"present-perfect","target":"grammaticality","color":7},
    {"source":"gerunds","target":"nouns","color":2},
    {"source":"range-inclusion","target":"prepositions","color":0},
    {"source":"personal-pronouns","target":"pronouns","color":2},
    {"source":"collocation","target":"nouns","color":4},
    {"source":"future-tense","target":"will-be-going","color":7},
    {"source":"ambiguity","target":"meaning","color":4},
    {"source":"expression-choice","target":"phrase-requests","color":3},
    {"source":"literature","target":"meaning","color":4},
    {"source":"usage","target":"word-usage","color":0},
    {"source":"parentheses","target":"punctuation","color":1},
    {"source":"in-on","target":"word-choice","color":0},
    {"source":"expression-choice","target":"phrases","color":3},
    {"source":"computing","target":"etymology","color":3},
    {"source":"present-perfect","target":"past-tense","color":7},
    {"source":"email","target":"word-choice","color":0},
    {"source":"personal-pronouns","target":"grammaticality","color":2},
    {"source":"prepositions","target":"word-choice","color":0},
    {"source":"conditional","target":"grammaticality","color":2},
    {"source":"possessives","target":"apostrophe","color":2},
    {"source":"vowels","target":"pronunciation-vs-spelling","color":8},
    {"source":"ambiguity","target":"meaning-in-context","color":4},
    {"source":"literature","target":"meaning-in-context","color":4},
    {"source":"connotation","target":"single-word-requests","color":0},
    {"source":"past-tense","target":"past-perfect","color":7},
    {"source":"time","target":"prepositions","color":0},
    {"source":"single-word-requests","target":"phrase-requests","color":3},
    {"source":"synonyms","target":"word-choice","color":0},
    {"source":"passive-voice","target":"active-voice","color":5},
    {"source":"gender-neutral","target":"pronouns","color":2},
    {"source":"grammaticality","target":"prepositions","color":2},
    {"source":"present-tense","target":"perfect-aspect","color":7},
    {"source":"differences","target":"nouns","color":6},
    {"source":"british-english","target":"meaning","color":4},
    {"source":"collective-nouns","target":"verb-agreement","color":6},
    {"source":"past-tense","target":"grammar","color":7},
    {"source":"capitalization","target":"proper-nouns","color":8},
    {"source":"dashes","target":"punctuation","color":1},
    {"source":"writing-style","target":"grammaticality","color":7},
    {"source":"is-it-a-word","target":"word-usage","color":0},
    {"source":"present-perfect","target":"present-tense","color":7},
    {"source":"attributive-nouns","target":"grammatical-number","color":6},
    {"source":"grammatical-structure","target":"sentence-structure","color":7},
    {"source":"zero-article","target":"articles","color":9},
    {"source":"present-perfect","target":"tenses","color":7},
    {"source":"part-of-speech","target":"adjectives","color":6},
    {"source":"vocabulary","target":"word-choice","color":3},
    {"source":"sp-vs-past-perfect","target":"past-perfect","color":7},
    {"source":"writing","target":"punctuation","color":1},
    {"source":"prefixes","target":"etymology","color":8},
    {"source":"conditional","target":"subjunctive-mood","color":2},
    {"source":"date","target":"time","color":0},
    {"source":"nouns","target":"adjectives","color":6},
    {"source":"terminology","target":"word-choice","color":0},
    {"source":"lists","target":"punctuation","color":1},
    {"source":"capitalization","target":"orthography","color":8},
    {"source":"indefinite-articles","target":"definite-articles","color":9},
    {"source":"reflexives","target":"pronouns","color":2},
    {"source":"conditional-perfect","target":"conditional","color":2},
    {"source":"vocabulary","target":"single-word-requests","color":3},
    {"source":"vocabulary","target":"meaning","color":3},
    {"source":"old-english","target":"history","color":8},
    {"source":"superlative-degree","target":"adjectives","color":6},
    {"source":"hypernyms","target":"word-choice","color":6},
    {"source":"historical-change","target":"pronunciation","color":8},
    {"source":"pronouns","target":"word-choice","color":2},
    {"source":"phrasal-verbs","target":"prepositions","color":0},
    {"source":"present-perfect","target":"grammar","color":7},
    {"source":"is-it-a-word","target":"word-choice","color":0},
    {"source":"idioms","target":"expressions","color":3},
    {"source":"collocation","target":"prepositions","color":4},
    {"source":"period","target":"punctuation","color":1},
    {"source":"sentence-patterns","target":"grammar","color":7},
    {"source":"gerunds","target":"prepositions","color":2},
    {"source":"quotations","target":"punctuation","color":1},
    {"source":"phrase-requests","target":"idiom-requests","color":3},
    {"source":"date","target":"prepositions","color":0},
    {"source":"phonetics","target":"phonology","color":10},
    {"source":"phrasal-verbs","target":"word-choice","color":0},
    {"source":"present-perfect","target":"pp-vs-sp","color":7},
    {"source":"superlative-degree","target":"comparative","color":6},
    {"source":"grammatical-number","target":"verb-agreement","color":6},
    {"source":"analogy","target":"single-word-requests","color":3},
    {"source":"part-of-speech","target":"nouns","color":6},
    {"source":"phrase-meaning","target":"phrases","color":3},
    {"source":"expression-choice","target":"expressions","color":3},
    {"source":"past-participle","target":"word-choice","color":6},
    {"source":"morphology","target":"etymology","color":8},
    {"source":"expression-choice","target":"word-choice","color":3},
    {"source":"contractions","target":"apostrophe","color":2},
    {"source":"historical-change","target":"history","color":8},
    {"source":"future-tense","target":"present-tense","color":7},
    {"source":"american-english","target":"british-english","color":4},
    {"source":"present-participle","target":"gerunds","color":2},
    {"source":"sentence","target":"meaning","color":7},
    {"source":"silent-letters","target":"pronunciation","color":8},
    {"source":"transitivity","target":"verbs","color":7},
    {"source":"nouns","target":"word-choice","color":6},
    {"source":"neologisms","target":"meaning","color":8},
    {"source":"subjunctive-mood","target":"grammaticality","color":2},
    {"source":"epithet-requests","target":"word-choice","color":0},
    {"source":"greek","target":"etymology","color":8},
    {"source":"analogy","target":"nouns","color":3},
    {"source":"relative-clause","target":"pronouns","color":2},
    {"source":"negation","target":"meaning","color":2},
    {"source":"writing-style","target":"grammar","color":7},
    {"source":"hypernyms","target":"nouns","color":6},
    {"source":"formality","target":"word-choice","color":0},
    {"source":"past-participle","target":"adjectives","color":6},
    {"source":"conjunctions","target":"grammaticality","color":1},
    {"source":"quotations","target":"quotes","color":1},
    {"source":"idiom-meaning","target":"expressions","color":3},
    {"source":"conjunctions","target":"punctuation","color":1},
    {"source":"meaning","target":"word-choice","color":4},
    {"source":"idioms","target":"phrases","color":3},
    {"source":"simple-past","target":"grammaticality","color":7},
    {"source":"idiom-meaning","target":"idioms","color":3},
    {"source":"objects","target":"subjects","color":6},
    {"source":"adverb-position","target":"word-order","color":6},
    {"source":"letter-writing","target":"formality","color":0},
    {"source":"single-word-requests","target":"word-choice","color":3},
    {"source":"negation","target":"grammar","color":2},
    {"source":"hyphenation","target":"compounds","color":1},
    {"source":"expression-requests","target":"phrase-requests","color":3},
    {"source":"collocation","target":"word-choice","color":4},
    {"source":"adverb-position","target":"adverbs","color":6},
    {"source":"indefinite-articles","target":"articles","color":9},
    {"source":"expression-requests","target":"idiom-requests","color":3},
    {"source":"saying","target":"expressions","color":3},
    {"source":"subjects","target":"verbs","color":6},
    {"source":"phrase-requests","target":"expressions","color":3},
    {"source":"commas","target":"conjunctions","color":1},
    {"source":"past-participle","target":"verbs","color":6},
    {"source":"possessives","target":"grammatical-number","color":2},
    {"source":"expression-choice","target":"single-word-requests","color":3},
    {"source":"gerunds","target":"infinitives","color":2},
    {"source":"hyphenation","target":"adjectives","color":1},
    {"source":"possessives","target":"grammaticality","color":2},
    {"source":"grammatical-number","target":"grammaticality","color":6},
    {"source":"attributive-nouns","target":"nouns","color":6},
    {"source":"modal-verbs","target":"word-choice","color":7},
    {"source":"compounds","target":"nouns","color":6},
    {"source":"connotation","target":"nouns","color":0},
    {"source":"suffixes","target":"etymology","color":8},
    {"source":"rhotic","target":"pronunciation","color":8},
    {"source":"adverbs","target":"adjectives","color":6},
    {"source":"phrase-meaning","target":"expressions","color":3},
    {"source":"collocation","target":"verbs","color":4},
    {"source":"collocation","target":"meaning","color":4},
    {"source":"parallelism","target":"grammaticality","color":2},
    {"source":"indefinite-articles","target":"word-choice","color":9},
    {"source":"word-usage","target":"word-choice","color":0},
    {"source":"meaning-in-context","target":"meaning","color":4},
    {"source":"future-tense","target":"modal-verbs","color":7},
    {"source":"origin-unknown","target":"etymology","color":8},
    {"source":"dashes","target":"hyphenation","color":1},
    {"source":"infinitives","target":"grammaticality","color":2},
    {"source":"orthography","target":"etymology","color":8},
    {"source":"meaning","target":"differences","color":4},
    {"source":"articles","target":"definite-articles","color":9},
    {"source":"names","target":"pronunciation","color":8},
    {"source":"syntactic-analysis","target":"grammar","color":7},
    {"source":"suffixes","target":"orthography","color":8},
    {"source":"zero-article","target":"definite-articles","color":9},
    {"source":"slang","target":"etymology","color":8},
    {"source":"question-mark","target":"punctuation","color":1},
    {"source":"simple-past","target":"verbs","color":7},
    {"source":"subjects","target":"verb-agreement","color":6},
    {"source":"differences","target":"word-choice","color":6},
    {"source":"collocation","target":"grammaticality","color":4},
    {"source":"comparative","target":"grammaticality","color":6},
    {"source":"at-in","target":"prepositions","color":0},
    {"source":"to-for","target":"prepositions","color":0},
    {"source":"gender","target":"pronouns","color":2},
    {"source":"sentence","target":"grammar","color":7},
    {"source":"greek","target":"latin","color":8},
    {"source":"politeness","target":"word-choice","color":0},
    {"source":"hyphenation","target":"orthography","color":1},
    {"source":"suffixes","target":"nouns","color":8},
    {"source":"negation","target":"grammaticality","color":2},
    {"source":"connotation","target":"meaning","color":0},
    {"source":"linguistics","target":"grammar","color":7},
    {"source":"possessives","target":"pronouns","color":2},
    {"source":"meaning","target":"phrases","color":4},
    {"source":"proverb-requests","target":"idiom-requests","color":3},
    {"source":"sentence-starts","target":"grammaticality","color":2},
    {"source":"etymology","target":"idioms","color":8},
    {"source":"verbs","target":"word-choice","color":7},
    {"source":"countable-nouns","target":"uncountable-nouns","color":11},
    {"source":"ic-ical","target":"adjectives","color":6},
    {"source":"commas","target":"punctuation","color":1},
    {"source":"part-of-speech","target":"adverbs","color":6},
    {"source":"past-tense","target":"verbs","color":7},
    {"source":"saying","target":"phrases","color":3},
    {"source":"spacing","target":"orthography","color":8},
    {"source":"suffixes","target":"meaning","color":8},
    {"source":"acronyms","target":"abbreviations","color":14},
    {"source":"infinitives","target":"verbs","color":2},
    {"source":"present-perfect","target":"simple-past","color":7},
    {"source":"tenses","target":"grammar","color":7},
    {"source":"technical","target":"word-choice","color":0},
    {"source":"orthography","target":"pronunciation-vs-spelling","color":8},
    {"source":"phrases","target":"expressions","color":3},
    {"source":"programming","target":"word-choice","color":0},
    {"source":"antonyms","target":"word-choice","color":0},
    {"source":"neologisms","target":"etymology","color":8},
    {"source":"vowels","target":"pronunciation","color":8},
    {"source":"alternative-words","target":"alternative","color":12},
    {"source":"sentence","target":"sentence-structure","color":7},
    {"source":"adverbs","target":"word-choice","color":6},
    {"source":"stress","target":"pronunciation","color":8},
    {"source":"technical","target":"meaning","color":0},
    {"source":"relative-pronouns","target":"relative-clause","color":2},
    {"source":"quotations","target":"quotation-marks","color":1},
    {"source":"epithet-requests","target":"pejorative-language","color":0},
    {"source":"present-perfect","target":"past-perfect","color":7},
    {"source":"connotation","target":"word-choice","color":0},
    {"source":"grammatical-structure","target":"grammaticality","color":7},
    {"source":"historical-change","target":"etymology","color":8},
    {"source":"colon","target":"semicolon","color":13},
    {"source":"suffixes","target":"adjectives","color":8},
    {"source":"pejorative-language","target":"word-choice","color":0},
    {"source":"conjunctions","target":"word-choice","color":1},
    {"source":"collocation","target":"adjectives","color":4},
    {"source":"tenses","target":"past-tense","color":7},
    {"source":"old-english","target":"etymology","color":8},
    {"source":"relative-clause","target":"grammaticality","color":2},
    {"source":"gerunds","target":"verbs","color":2},
    {"source":"acronyms","target":"initialisms","color":14},
    {"source":"grammatical-number","target":"nouns","color":6},
    {"source":"prepositional-phrase","target":"prepositions","color":0},
    {"source":"pronunciation","target":"pronunciation-vs-spelling","color":8},
    {"source":"comparative","target":"adjectives","color":6},
    {"source":"proverbs","target":"idioms","color":4},
    {"source":"business-language","target":"word-choice","color":0},
    {"source":"grammaticality","target":"word-choice","color":2},
    {"source":"connotation","target":"word-usage","color":0},
    {"source":"hyphenation","target":"punctuation","color":1},
    {"source":"prefixes","target":"meaning","color":8},
    {"source":"proverbs","target":"meaning","color":4},
    {"source":"nuance","target":"meaning","color":4},
    {"source":"past-tense","target":"present-tense","color":7},
    {"source":"simple-past","target":"past-perfect","color":7},
    {"source":"at-in","target":"word-choice","color":0},
    {"source":"idiom-meaning","target":"phrase-meaning","color":3},
    {"source":"sentence-patterns","target":"sentence-structure","color":7},
    {"source":"gerunds","target":"grammaticality","color":2},
    {"source":"technical","target":"terminology","color":0}]
}