{
  "nodes":[{"id":"functions","group":0,"degree":9 },
    {"id":"calculus","group":0,"degree":9 },
    {"id":"real-analysis","group":0,"degree":10 },
    {"id":"uniform-convergence","group":0,"degree":8 },
    {"id":"definite-integrals","group":0,"degree":9 },
    {"id":"group-theory","group":3,"degree":8 },
    {"id":"permutations","group":2,"degree":8 },
    {"id":"statistics","group":5,"degree":8 },
    {"id":"statistical-inference","group":5,"degree":8 },
    {"id":"analysis","group":0,"degree":6 },
    {"id":"differential-topology","group":1,"degree":6 },
    {"id":"differential-geometry","group":1,"degree":8 },
    {"id":"limits","group":0,"degree":9 },
    {"id":"representation-theory","group":3,"degree":8 },
    {"id":"abstract-algebra","group":3,"degree":8 },
    {"id":"discrete-mathematics","group":2,"degree":9 },
    {"id":"recurrence-relations","group":0,"degree":7 },
    {"id":"ring-theory","group":3,"degree":7 },
    {"id":"commutative-algebra","group":3,"degree":6 },
    {"id":"symmetric-groups","group":3,"degree":6 },
    {"id":"probability-theory","group":5,"degree":7 },
    {"id":"linear-algebra","group":12,"degree":7 },
    {"id":"vector-spaces","group":12,"degree":9 },
    {"id":"binomial-coefficients","group":2,"degree":7 },
    {"id":"summation","group":2,"degree":9 },
    {"id":"sobolev-spaces","group":4,"degree":6 },
    {"id":"functional-analysis","group":4,"degree":8 },
    {"id":"metric-spaces","group":0,"degree":7 },
    {"id":"general-topology","group":0,"degree":10 },
    {"id":"probability","group":5,"degree":7 },
    {"id":"induction","group":2,"degree":7 },
    {"id":"algebra-precalculus","group":0,"degree":7 },
    {"id":"lebesgue-integral","group":0,"degree":8 },
    {"id":"measure-theory","group":0,"degree":9 },
    {"id":"continuity","group":0,"degree":6 },
    {"id":"complex-analysis","group":0,"degree":7 },
    {"id":"power-series","group":0,"degree":8 },
    {"id":"polynomials","group":3,"degree":7 },
    {"id":"finite-groups","group":3,"degree":8 },
    {"id":"algebraic-geometry","group":3,"degree":8 },
    {"id":"algebraic-curves","group":3,"degree":8 },
    {"id":"pde","group":4,"degree":6 },
    {"id":"trigonometry","group":0,"degree":8 },
    {"id":"probability-distributions","group":5,"degree":8 },
    {"id":"random-variables","group":5,"degree":6 },
    {"id":"modular-arithmetic","group":9,"degree":8 },
    {"id":"elementary-number-theory","group":9,"degree":10 },
    {"id":"optimization","group":12,"degree":8 },
    {"id":"linear-programming","group":12,"degree":8 },
    {"id":"combinatorics","group":2,"degree":8 },
    {"id":"lebesgue-measure","group":0,"degree":8 },
    {"id":"integration","group":0,"degree":6 },
    {"id":"indefinite-integrals","group":0,"degree":8 },
    {"id":"elementary-set-theory","group":2,"degree":7 },
    {"id":"tensor-products","group":3,"degree":8 },
    {"id":"vectors","group":12,"degree":8 },
    {"id":"operator-algebras","group":4,"degree":8 },
    {"id":"markov-chains","group":5,"degree":6 },
    {"id":"stochastic-processes","group":5,"degree":8 },
    {"id":"galois-theory","group":3,"degree":8 },
    {"id":"field-theory","group":3,"degree":6 },
    {"id":"reference-request","group":6,"degree":7 },
    {"id":"book-recommendation","group":6,"degree":8 },
    {"id":"conditional-probability","group":5,"degree":9 },
    {"id":"norm","group":12,"degree":6 },
    {"id":"cardinals","group":2,"degree":8 },
    {"id":"manifolds","group":1,"degree":8 },
    {"id":"geometry","group":7,"degree":10 },
    {"id":"set-theory","group":8,"degree":7 },
    {"id":"logic","group":8,"degree":10 },
    {"id":"expectation","group":5,"degree":8 },
    {"id":"algebraic-number-theory","group":9,"degree":9 },
    {"id":"number-theory","group":9,"degree":9 },
    {"id":"fourier-analysis","group":0,"degree":6 },
    {"id":"extension-field","group":3,"degree":9 },
    {"id":"multivariable-calculus","group":0,"degree":8 },
    {"id":"algebraic-topology","group":10,"degree":7 },
    {"id":"homotopy-theory","group":10,"degree":9 },
    {"id":"modules","group":3,"degree":9 },
    {"id":"dice","group":5,"degree":9 },
    {"id":"algorithms","group":2,"degree":8 },
    {"id":"graph-theory","group":2,"degree":6 },
    {"id":"contour-integration","group":0,"degree":7 },
    {"id":"taylor-expansion","group":0,"degree":8 },
    {"id":"compactness","group":0,"degree":6 },
    {"id":"homology-cohomology","group":10,"degree":6 },
    {"id":"diagonalization","group":12,"degree":6 },
    {"id":"derivatives","group":0,"degree":9 },
    {"id":"linear-transformations","group":12,"degree":7 },
    {"id":"sequences-and-series","group":0,"degree":9 },
    {"id":"lp-spaces","group":4,"degree":7 },
    {"id":"diophantine-equations","group":9,"degree":7 },
    {"id":"roots","group":3,"degree":8 },
    {"id":"predicate-logic","group":8,"degree":7 },
    {"id":"hilbert-spaces","group":4,"degree":8 },
    {"id":"numerical-linear-algebra","group":12,"degree":8 },
    {"id":"analytic-number-theory","group":9,"degree":8 },
    {"id":"proof-verification","group":0,"degree":6 },
    {"id":"proof-writing","group":0,"degree":8 },
    {"id":"irreducible-polynomials","group":3,"degree":7 },
    {"id":"normal-distribution","group":5,"degree":8 },
    {"id":"improper-integrals","group":0,"degree":8 },
    {"id":"sheaf-theory","group":3,"degree":7 },
    {"id":"soft-question","group":6,"degree":7 },
    {"id":"logarithms","group":0,"degree":7 },
    {"id":"fourier-series","group":0,"degree":6 },
    {"id":"connectedness","group":0,"degree":8 },
    {"id":"lie-groups","group":11,"degree":9 },
    {"id":"lie-algebras","group":11,"degree":8 },
    {"id":"convergence","group":0,"degree":7 },
    {"id":"matrix-equations","group":12,"degree":9 },
    {"id":"systems-of-equations","group":12,"degree":9 },
    {"id":"eigenvalues-eigenvectors","group":12,"degree":7 },
    {"id":"brownian-motion","group":5,"degree":10 },
    {"id":"divisibility","group":9,"degree":8 },
    {"id":"3d","group":7,"degree":8 },
    {"id":"determinant","group":12,"degree":8 },
    {"id":"relations","group":2,"degree":9 },
    {"id":"inequality","group":0,"degree":8 },
    {"id":"finite-fields","group":3,"degree":8 },
    {"id":"combinations","group":2,"degree":8 },
    {"id":"abelian-groups","group":3,"degree":8 },
    {"id":"propositional-calculus","group":8,"degree":9 },
    {"id":"triangle","group":7,"degree":7 },
    {"id":"martingales","group":5,"degree":6 },
    {"id":"smooth-manifolds","group":1,"degree":8 },
    {"id":"c-star-algebras","group":4,"degree":8 },
    {"id":"schemes","group":3,"degree":9 },
    {"id":"euclidean-geometry","group":7,"degree":9 },
    {"id":"residue-calculus","group":0,"degree":7 },
    {"id":"differential-equations","group":4,"degree":8 },
    {"id":"analytic-geometry","group":7,"degree":7 },
    {"id":"differential-forms","group":1,"degree":7 },
    {"id":"divergent-series","group":0,"degree":7 },
    {"id":"complex-integration","group":0,"degree":9 },
    {"id":"riemannian-geometry","group":1,"degree":7 },
    {"id":"matrices","group":12,"degree":9 },
    {"id":"spectral-theory","group":4,"degree":9 },
    {"id":"partial-derivative","group":0,"degree":8 },
    {"id":"ideals","group":3,"degree":8 },
    {"id":"prime-numbers","group":9,"degree":7 },
    {"id":"model-theory","group":8,"degree":7 },
    {"id":"first-order-logic","group":8,"degree":7 },
    {"id":"generating-functions","group":2,"degree":9 },
    {"id":"dynamical-systems","group":4,"degree":8 },
    {"id":"banach-spaces","group":4,"degree":9 },
    {"id":"convex-analysis","group":12,"degree":7 },
    {"id":"convex-optimization","group":12,"degree":7 },
    {"id":"circle","group":7,"degree":8 },
    {"id":"congruences","group":9,"degree":9 },
    {"id":"complex-numbers","group":0,"degree":10 },
    {"id":"inner-product-space","group":12,"degree":9 },
    {"id":"category-theory","group":3,"degree":8 },
    {"id":"normed-spaces","group":4,"degree":7 },
    {"id":"numerical-methods","group":4,"degree":7 },
    {"id":"limits-without-lhopital","group":0,"degree":9 },
    {"id":"operator-theory","group":4,"degree":8 },
    {"id":"inverse","group":12,"degree":8 },
    {"id":"stochastic-calculus","group":5,"degree":8 },
    {"id":"nonlinear-optimization","group":12,"degree":8 },
    {"id":"vector-analysis","group":0,"degree":8 }],
  "links":[{"source":"functions","target":"calculus","color":0},
    {"source":"real-analysis","target":"uniform-convergence","color":0},
    {"source":"definite-integrals","target":"calculus","color":0},
    {"source":"group-theory","target":"permutations","color":3},
    {"source":"statistics","target":"statistical-inference","color":5},
    {"source":"calculus","target":"analysis","color":0},
    {"source":"differential-topology","target":"differential-geometry","color":1},
    {"source":"real-analysis","target":"limits","color":0},
    {"source":"representation-theory","target":"abstract-algebra","color":3},
    {"source":"discrete-mathematics","target":"recurrence-relations","color":2},
    {"source":"ring-theory","target":"commutative-algebra","color":3},
    {"source":"group-theory","target":"symmetric-groups","color":3},
    {"source":"probability-theory","target":"statistics","color":5},
    {"source":"linear-algebra","target":"vector-spaces","color":12},
    {"source":"binomial-coefficients","target":"summation","color":2},
    {"source":"real-analysis","target":"calculus","color":0},
    {"source":"sobolev-spaces","target":"functional-analysis","color":4},
    {"source":"metric-spaces","target":"general-topology","color":0},
    {"source":"probability","target":"statistics","color":5},
    {"source":"induction","target":"discrete-mathematics","color":2},
    {"source":"algebra-precalculus","target":"functions","color":0},
    {"source":"real-analysis","target":"lebesgue-integral","color":0},
    {"source":"real-analysis","target":"measure-theory","color":0},
    {"source":"real-analysis","target":"continuity","color":0},
    {"source":"complex-analysis","target":"power-series","color":0},
    {"source":"functions","target":"continuity","color":0},
    {"source":"linear-algebra","target":"polynomials","color":12},
    {"source":"measure-theory","target":"lebesgue-integral","color":0},
    {"source":"measure-theory","target":"analysis","color":0},
    {"source":"abstract-algebra","target":"finite-groups","color":3},
    {"source":"algebraic-geometry","target":"algebraic-curves","color":3},
    {"source":"pde","target":"sobolev-spaces","color":4},
    {"source":"algebra-precalculus","target":"trigonometry","color":0},
    {"source":"probability-distributions","target":"random-variables","color":5},
    {"source":"modular-arithmetic","target":"elementary-number-theory","color":9},
    {"source":"optimization","target":"linear-programming","color":12},
    {"source":"pde","target":"functional-analysis","color":4},
    {"source":"binomial-coefficients","target":"combinatorics","color":2},
    {"source":"lebesgue-integral","target":"lebesgue-measure","color":0},
    {"source":"integration","target":"indefinite-integrals","color":0},
    {"source":"functions","target":"elementary-set-theory","color":0},
    {"source":"abstract-algebra","target":"tensor-products","color":3},
    {"source":"vectors","target":"linear-algebra","color":12},
    {"source":"continuity","target":"limits","color":0},
    {"source":"operator-algebras","target":"functional-analysis","color":4},
    {"source":"markov-chains","target":"stochastic-processes","color":5},
    {"source":"galois-theory","target":"field-theory","color":3},
    {"source":"reference-request","target":"book-recommendation","color":6},
    {"source":"probability","target":"conditional-probability","color":5},
    {"source":"definite-integrals","target":"real-analysis","color":0},
    {"source":"continuity","target":"calculus","color":0},
    {"source":"linear-algebra","target":"norm","color":12},
    {"source":"elementary-set-theory","target":"cardinals","color":2},
    {"source":"manifolds","target":"differential-geometry","color":1},
    {"source":"real-analysis","target":"functions","color":0},
    {"source":"trigonometry","target":"geometry","color":0},
    {"source":"set-theory","target":"logic","color":8},
    {"source":"trigonometry","target":"calculus","color":0},
    {"source":"probability","target":"expectation","color":5},
    {"source":"algebraic-number-theory","target":"number-theory","color":9},
    {"source":"calculus","target":"summation","color":0},
    {"source":"group-theory","target":"representation-theory","color":3},
    {"source":"real-analysis","target":"fourier-analysis","color":0},
    {"source":"probability","target":"combinatorics","color":5},
    {"source":"probability","target":"probability-theory","color":5},
    {"source":"abstract-algebra","target":"extension-field","color":3},
    {"source":"multivariable-calculus","target":"integration","color":0},
    {"source":"algebraic-topology","target":"homotopy-theory","color":10},
    {"source":"abstract-algebra","target":"modules","color":3},
    {"source":"commutative-algebra","target":"modules","color":3},
    {"source":"probability","target":"dice","color":5},
    {"source":"metric-spaces","target":"analysis","color":0},
    {"source":"algorithms","target":"graph-theory","color":2},
    {"source":"expectation","target":"probability-theory","color":5},
    {"source":"complex-analysis","target":"contour-integration","color":0},
    {"source":"probability-distributions","target":"probability","color":5},
    {"source":"taylor-expansion","target":"calculus","color":0},
    {"source":"compactness","target":"general-topology","color":0},
    {"source":"homology-cohomology","target":"algebraic-topology","color":10},
    {"source":"stochastic-processes","target":"probability-theory","color":5},
    {"source":"linear-algebra","target":"diagonalization","color":12},
    {"source":"derivatives","target":"calculus","color":0},
    {"source":"trigonometry","target":"integration","color":0},
    {"source":"polynomials","target":"abstract-algebra","color":3},
    {"source":"linear-algebra","target":"linear-transformations","color":12},
    {"source":"sequences-and-series","target":"recurrence-relations","color":0},
    {"source":"real-analysis","target":"lp-spaces","color":0},
    {"source":"multivariable-calculus","target":"calculus","color":0},
    {"source":"diophantine-equations","target":"elementary-number-theory","color":9},
    {"source":"continuity","target":"analysis","color":0},
    {"source":"polynomials","target":"roots","color":3},
    {"source":"real-analysis","target":"sequences-and-series","color":0},
    {"source":"predicate-logic","target":"logic","color":8},
    {"source":"hilbert-spaces","target":"functional-analysis","color":4},
    {"source":"linear-algebra","target":"numerical-linear-algebra","color":12},
    {"source":"analytic-number-theory","target":"number-theory","color":9},
    {"source":"continuity","target":"general-topology","color":0},
    {"source":"proof-verification","target":"proof-writing","color":0},
    {"source":"abstract-algebra","target":"irreducible-polynomials","color":3},
    {"source":"probability-distributions","target":"normal-distribution","color":5},
    {"source":"calculus","target":"improper-integrals","color":0},
    {"source":"sheaf-theory","target":"algebraic-geometry","color":3},
    {"source":"normal-distribution","target":"statistics","color":5},
    {"source":"definite-integrals","target":"improper-integrals","color":0},
    {"source":"general-topology","target":"algebraic-topology","color":0},
    {"source":"reference-request","target":"soft-question","color":6},
    {"source":"algebra-precalculus","target":"logarithms","color":0},
    {"source":"fourier-series","target":"fourier-analysis","color":0},
    {"source":"ring-theory","target":"modules","color":3},
    {"source":"connectedness","target":"general-topology","color":0},
    {"source":"probability-distributions","target":"probability-theory","color":5},
    {"source":"complex-analysis","target":"integration","color":0},
    {"source":"lie-groups","target":"lie-algebras","color":11},
    {"source":"sequences-and-series","target":"convergence","color":0},
    {"source":"probability","target":"stochastic-processes","color":5},
    {"source":"definite-integrals","target":"integration","color":0},
    {"source":"group-theory","target":"finite-groups","color":3},
    {"source":"derivatives","target":"integration","color":0},
    {"source":"calculus","target":"limits","color":0},
    {"source":"linear-algebra","target":"matrix-equations","color":12},
    {"source":"linear-algebra","target":"systems-of-equations","color":12},
    {"source":"modular-arithmetic","target":"number-theory","color":9},
    {"source":"linear-algebra","target":"eigenvalues-eigenvectors","color":12},
    {"source":"markov-chains","target":"probability","color":5},
    {"source":"real-analysis","target":"proof-verification","color":0},
    {"source":"brownian-motion","target":"stochastic-processes","color":5},
    {"source":"discrete-mathematics","target":"combinatorics","color":2},
    {"source":"elementary-number-theory","target":"divisibility","color":9},
    {"source":"real-analysis","target":"integration","color":0},
    {"source":"optimization","target":"calculus","color":12},
    {"source":"3d","target":"geometry","color":7},
    {"source":"probability-distributions","target":"statistics","color":5},
    {"source":"sequences-and-series","target":"limits","color":0},
    {"source":"probability","target":"normal-distribution","color":5},
    {"source":"integration","target":"contour-integration","color":0},
    {"source":"polynomials","target":"irreducible-polynomials","color":3},
    {"source":"pde","target":"real-analysis","color":4},
    {"source":"linear-algebra","target":"determinant","color":12},
    {"source":"discrete-mathematics","target":"relations","color":2},
    {"source":"inequality","target":"calculus","color":0},
    {"source":"abstract-algebra","target":"finite-fields","color":3},
    {"source":"real-analysis","target":"convergence","color":0},
    {"source":"combinations","target":"permutations","color":2},
    {"source":"group-theory","target":"abelian-groups","color":3},
    {"source":"integration","target":"calculus","color":0},
    {"source":"abstract-algebra","target":"ring-theory","color":3},
    {"source":"propositional-calculus","target":"logic","color":8},
    {"source":"random-variables","target":"probability","color":5},
    {"source":"combinatorics","target":"summation","color":2},
    {"source":"extension-field","target":"field-theory","color":3},
    {"source":"geometry","target":"triangle","color":7},
    {"source":"lebesgue-integral","target":"integration","color":0},
    {"source":"measure-theory","target":"probability-theory","color":0},
    {"source":"martingales","target":"probability-theory","color":5},
    {"source":"diophantine-equations","target":"number-theory","color":9},
    {"source":"pde","target":"analysis","color":4},
    {"source":"sequences-and-series","target":"analysis","color":0},
    {"source":"algebra-precalculus","target":"inequality","color":0},
    {"source":"smooth-manifolds","target":"differential-geometry","color":1},
    {"source":"c-star-algebras","target":"functional-analysis","color":4},
    {"source":"convergence","target":"calculus","color":0},
    {"source":"algebraic-geometry","target":"schemes","color":3},
    {"source":"geometry","target":"euclidean-geometry","color":7},
    {"source":"graph-theory","target":"combinatorics","color":2},
    {"source":"analysis","target":"functional-analysis","color":0},
    {"source":"integration","target":"improper-integrals","color":0},
    {"source":"complex-analysis","target":"residue-calculus","color":0},
    {"source":"calculus","target":"differential-equations","color":0},
    {"source":"geometry","target":"analytic-geometry","color":7},
    {"source":"abstract-algebra","target":"commutative-algebra","color":3},
    {"source":"real-analysis","target":"multivariable-calculus","color":0},
    {"source":"combinations","target":"combinatorics","color":2},
    {"source":"differential-forms","target":"differential-geometry","color":1},
    {"source":"sequences-and-series","target":"divergent-series","color":0},
    {"source":"complex-analysis","target":"complex-integration","color":0},
    {"source":"calculus","target":"indefinite-integrals","color":0},
    {"source":"sequences-and-series","target":"calculus","color":0},
    {"source":"discrete-mathematics","target":"elementary-set-theory","color":2},
    {"source":"abstract-algebra","target":"permutations","color":3},
    {"source":"real-analysis","target":"metric-spaces","color":0},
    {"source":"abstract-algebra","target":"galois-theory","color":3},
    {"source":"brownian-motion","target":"probability-theory","color":5},
    {"source":"functional-analysis","target":"norm","color":4},
    {"source":"differential-geometry","target":"riemannian-geometry","color":1},
    {"source":"random-variables","target":"probability-theory","color":5},
    {"source":"real-analysis","target":"inequality","color":0},
    {"source":"elementary-number-theory","target":"number-theory","color":9},
    {"source":"convergence","target":"limits","color":0},
    {"source":"linear-algebra","target":"matrices","color":12},
    {"source":"lp-spaces","target":"functional-analysis","color":4},
    {"source":"linear-algebra","target":"optimization","color":12},
    {"source":"abstract-algebra","target":"algebraic-geometry","color":3},
    {"source":"spectral-theory","target":"functional-analysis","color":4},
    {"source":"partial-derivative","target":"calculus","color":0},
    {"source":"discrete-mathematics","target":"graph-theory","color":2},
    {"source":"ideals","target":"abstract-algebra","color":3},
    {"source":"abstract-algebra","target":"abelian-groups","color":3},
    {"source":"algebra-precalculus","target":"polynomials","color":0},
    {"source":"power-series","target":"calculus","color":0},
    {"source":"eigenvalues-eigenvectors","target":"matrices","color":12},
    {"source":"real-analysis","target":"general-topology","color":0},
    {"source":"prime-numbers","target":"number-theory","color":9},
    {"source":"abstract-algebra","target":"field-theory","color":3},
    {"source":"model-theory","target":"logic","color":8},
    {"source":"sequences-and-series","target":"summation","color":0},
    {"source":"first-order-logic","target":"logic","color":8},
    {"source":"combinatorics","target":"generating-functions","color":2},
    {"source":"matrices","target":"determinant","color":12},
    {"source":"real-analysis","target":"derivatives","color":0},
    {"source":"differential-equations","target":"dynamical-systems","color":4},
    {"source":"banach-spaces","target":"functional-analysis","color":4},
    {"source":"real-analysis","target":"proof-writing","color":0},
    {"source":"manifolds","target":"differential-topology","color":1},
    {"source":"matrices","target":"norm","color":12},
    {"source":"convex-analysis","target":"convex-optimization","color":12},
    {"source":"elementary-set-theory","target":"relations","color":2},
    {"source":"calculus","target":"logarithms","color":0},
    {"source":"real-analysis","target":"functional-analysis","color":0},
    {"source":"geometry","target":"circle","color":7},
    {"source":"matrix-equations","target":"matrices","color":12},
    {"source":"real-analysis","target":"lebesgue-measure","color":0},
    {"source":"elementary-number-theory","target":"congruences","color":9},
    {"source":"prime-numbers","target":"elementary-number-theory","color":9},
    {"source":"complex-analysis","target":"complex-numbers","color":0},
    {"source":"multivariable-calculus","target":"partial-derivative","color":0},
    {"source":"ideals","target":"ring-theory","color":3},
    {"source":"linear-algebra","target":"inner-product-space","color":12},
    {"source":"category-theory","target":"abstract-algebra","color":3},
    {"source":"normed-spaces","target":"functional-analysis","color":4},
    {"source":"numerical-methods","target":"differential-equations","color":4},
    {"source":"pde","target":"differential-equations","color":4},
    {"source":"algebraic-geometry","target":"commutative-algebra","color":3},
    {"source":"limits-without-lhopital","target":"limits","color":0},
    {"source":"operator-theory","target":"functional-analysis","color":4},
    {"source":"inverse","target":"matrices","color":12},
    {"source":"stochastic-calculus","target":"stochastic-processes","color":5},
    {"source":"abstract-algebra","target":"algebraic-number-theory","color":3},
    {"source":"measure-theory","target":"lebesgue-measure","color":0},
    {"source":"group-theory","target":"abstract-algebra","color":3},
    {"source":"optimization","target":"convex-optimization","color":12},
    {"source":"measure-theory","target":"functional-analysis","color":0},
    {"source":"derivatives","target":"partial-derivative","color":0},
    {"source":"nonlinear-optimization","target":"optimization","color":12},
    {"source":"vector-spaces","target":"matrices","color":12},
    {"source":"ideals","target":"commutative-algebra","color":3},
    {"source":"sequences-and-series","target":"power-series","color":0},
    {"source":"convergence","target":"analysis","color":0},
    {"source":"permutations","target":"combinatorics","color":2},
    {"source":"operator-theory","target":"hilbert-spaces","color":4},
    {"source":"complex-analysis","target":"analysis","color":0},
    {"source":"multivariable-calculus","target":"vector-analysis","color":0},
    {"source":"real-analysis","target":"analysis","color":0},
    {"source":"algebra-precalculus","target":"calculus","color":0}]
}