{"nodes": [{"id":"group-theory","group":0,"degree":12},
  {"id":"matrices","group":1,"degree":13},
  {"id":"representation-theory","group":1,"degree":14},
  {"id":"irreducible-polynomials","group":3,"degree":10},
  {"id":"ring-theory","group":2,"degree":12},
  {"id":"finite-groups","group":0,"degree":9},
  {"id":"category-theory","group":4,"degree":10},
  {"id":"modules","group":4,"degree":10},
  {"id":"characters","group":1,"degree":10},
  {"id":"sylow-theory","group":0,"degree":6},
  {"id":"number-theory","group":2,"degree":6},
  {"id":"permutations","group":0,"degree":10},
  {"id":"homological-algebra","group":4,"degree":13},
  {"id":"finite-fields","group":3,"degree":10},
  {"id":"lie-algebras","group":1,"degree":11},
  {"id":"group-isomorphism","group":0,"degree":12},
  {"id":"polynomials","group":3,"degree":9},
  {"id":"commutative-algebra","group":4,"degree":8},
  {"id":"tensor-products","group":4,"degree":5},
  {"id":"linear-algebra","group":1,"degree":6},
  {"id":"field-theory","group":3,"degree":8},
  {"id":"symmetric-groups","group":0,"degree":9},
  {"id":"noetherian","group":2,"degree":11},
  {"id":"principal-ideal-domains","group":2,"degree":8},
  {"id":"vector-spaces","group":1,"degree":12},
  {"id":"prime-ideals","group":2,"degree":7},
  {"id":"abelian-groups","group":0,"degree":10},
  {"id":"algebraic-number-theory","group":2,"degree":8},
  {"id":"dihedral-groups","group":0,"degree":14},
  {"id":"simple-groups","group":0,"degree":8},
  {"id":"galois-theory","group":3,"degree":7},
  {"id":"extension-field","group":3,"degree":9},
  {"id":"noncommutative-algebra","group":4,"degree":10},
  {"id":"proof-verification","group":2,"degree":11},
  {"id":"group-actions","group":0,"degree":6},
  {"id":"integral-domain","group":2,"degree":7},
  {"id":"p-groups","group":0,"degree":10},
  {"id":"maximal-ideals","group":2,"degree":8},
  {"id":"normal-subgroups","group":0,"degree":10},
  {"id":"exact-sequence","group":4,"degree":9},
  {"id":"algebraic-geometry","group":4,"degree":10},
  {"id":"algebraic-curves","group":4,"degree":5},
  {"id":"roots","group":3,"degree":10},
  {"id":"reference-request","group":2,"degree":10},
  {"id":"ideals","group":2,"degree":7},
  {"id":"projective-module","group":4,"degree":9},
  {"id":"semidirect-product","group":0,"degree":14},
  {"id":"splitting-field","group":3,"degree":11},
  {"id":"finite-rings","group":2,"degree":10},
  {"id":"lie-groups","group":1,"degree":9},
  {"id":"cyclic-groups","group":0,"degree":10},
  {"id":"free-groups","group":0,"degree":6},
  {"id":"elementary-number-theory","group":2,"degree":11},
  {"id":"group-homomorphism","group":0,"degree":8}],
"links":[{"source":"group-theory","target":"matrices"},
  {"source":"group-theory","target":"representation-theory"},
  {"source":"irreducible-polynomials","target":"ring-theory"},
  {"source":"representation-theory","target":"finite-groups"},
  {"source":"category-theory","target":"modules"},
  {"source":"characters","target":"representation-theory"},
  {"source":"group-theory","target":"sylow-theory"},
  {"source":"finite-groups","target":"sylow-theory"},
  {"source":"group-theory","target":"number-theory"},
  {"source":"group-theory","target":"permutations"},
  {"source":"category-theory","target":"homological-algebra"},
  {"source":"irreducible-polynomials","target":"finite-fields"},
  {"source":"lie-algebras","target":"representation-theory"},
  {"source":"group-theory","target":"group-isomorphism"},
  {"source":"polynomials","target":"irreducible-polynomials"},
  {"source":"commutative-algebra","target":"tensor-products"},
  {"source":"linear-algebra","target":"group-theory"},
  {"source":"irreducible-polynomials","target":"field-theory"},
  {"source":"commutative-algebra","target":"modules"},
  {"source":"finite-groups","target":"symmetric-groups"},
  {"source":"ring-theory","target":"commutative-algebra"},
  {"source":"group-theory","target":"symmetric-groups"},
  {"source":"modules","target":"tensor-products"},
  {"source":"noetherian","target":"ring-theory"},
  {"source":"principal-ideal-domains","target":"ring-theory"},
  {"source":"linear-algebra","target":"vector-spaces"},
  {"source":"commutative-algebra","target":"homological-algebra"},
  {"source":"prime-ideals","target":"ring-theory"},
  {"source":"finite-groups","target":"abelian-groups"},
  {"source":"group-theory","target":"abelian-groups"},
  {"source":"algebraic-number-theory","target":"field-theory"},
  {"source":"group-theory","target":"dihedral-groups"},
  {"source":"finite-fields","target":"field-theory"},
  {"source":"group-theory","target":"simple-groups"},
  {"source":"group-theory","target":"category-theory"},
  {"source":"group-theory","target":"galois-theory"},
  {"source":"extension-field","target":"field-theory"},
  {"source":"noncommutative-algebra","target":"ring-theory"},
  {"source":"proof-verification","target":"ring-theory"},
  {"source":"ring-theory","target":"field-theory"},
  {"source":"group-theory","target":"group-actions"},
  {"source":"finite-groups","target":"group-actions"},
  {"source":"finite-groups","target":"permutations"},
  {"source":"integral-domain","target":"ring-theory"},
  {"source":"finite-groups","target":"p-groups"},
  {"source":"polynomials","target":"finite-fields"},
  {"source":"maximal-ideals","target":"ring-theory"},
  {"source":"group-theory","target":"normal-subgroups"},
  {"source":"exact-sequence","target":"modules"},
  {"source":"algebraic-geometry","target":"algebraic-curves"},
  {"source":"polynomials","target":"field-theory"},
  {"source":"group-theory","target":"p-groups"},
  {"source":"polynomials","target":"ring-theory"},
  {"source":"polynomials","target":"roots"},
  {"source":"reference-request","target":"ring-theory"},
  {"source":"ideals","target":"ring-theory"},
  {"source":"symmetric-groups","target":"permutations"},
  {"source":"linear-algebra","target":"modules"},
  {"source":"algebraic-geometry","target":"commutative-algebra"},
  {"source":"linear-algebra","target":"representation-theory"},
  {"source":"projective-module","target":"modules"},
  {"source":"ring-theory","target":"number-theory"},
  {"source":"representation-theory","target":"modules"},
  {"source":"ideals","target":"prime-ideals"},
  {"source":"ideals","target":"maximal-ideals"},
  {"source":"representation-theory","target":"ring-theory"},
  {"source":"semidirect-product","target":"group-theory"},
  {"source":"galois-theory","target":"field-theory"},
  {"source":"ring-theory","target":"modules"},
  {"source":"reference-request","target":"group-theory"},
  {"source":"splitting-field","target":"field-theory"},
  {"source":"finite-rings","target":"ring-theory"},
  {"source":"lie-groups","target":"lie-algebras"},
  {"source":"group-actions","target":"permutations"},
  {"source":"ideals","target":"commutative-algebra"},
  {"source":"cyclic-groups","target":"group-theory"},
  {"source":"polynomials","target":"galois-theory"},
  {"source":"group-theory","target":"finite-groups"},
  {"source":"cyclic-groups","target":"finite-groups"},
  {"source":"group-theory","target":"free-groups"},
  {"source":"algebraic-geometry","target":"ring-theory"},
  {"source":"algebraic-number-theory","target":"ring-theory"},
  {"source":"finite-fields","target":"galois-theory"},
  {"source":"elementary-number-theory","target":"number-theory"},
  {"source":"linear-algebra","target":"matrices"},
  {"source":"noncommutative-algebra","target":"modules"},
  {"source":"algebraic-number-theory","target":"commutative-algebra"},
  {"source":"group-theory","target":"group-homomorphism"},
  {"source":"extension-field","target":"galois-theory"},
  {"source":"proof-verification","target":"group-theory"},
  {"source":"homological-algebra","target":"modules"},
  {"source":"algebraic-number-theory","target":"number-theory"}]
}