{"nodes":[{"id":"definite-integrals","group":1},
  {"id":"calculus","group":0},
  {"id":"differential-topology","group":2},
  {"id":"differential-geometry","group":2},
  {"id":"manifolds","group":2},
  {"id":"smooth-manifolds","group":2},
  {"id":"representation-theory","group":5},
  {"id":"abstract-algebra","group":5},
  {"id":"conditional-expectation","group":9},
  {"id":"probability-theory","group":9},
  {"id":"real-analysis","group":1},
  {"id":"metric-spaces","group":2},
  {"id":"general-topology","group":2},
  {"id":"laplace-transform","group":8},
  {"id":"differential-equations","group":8},
  {"id":"probability","group":9},
  {"id":"statistics","group":9},
  {"id":"induction","group":10},
  {"id":"discrete-mathematics","group":10},
  {"id":"measure-theory","group":1},
  {"id":"lebesgue-integral","group":1},
  {"id":"markov-chains","group":9},
  {"id":"algebraic-geometry","group":5},
  {"id":"algebraic-curves","group":5},
  {"id":"fourier-analysis","group":0},
  {"id":"integration","group":0},
  {"id":"binomial-coefficients","group":10},
  {"id":"combinatorics","group":10},
  {"id":"vectors","group":12},
  {"id":"linear-algebra","group":12},
  {"id":"continuity","group":2},
  {"id":"limits","group":0},
  {"id":"galois-theory","group":3},
  {"id":"field-theory","group":3},
  {"id":"set-theory","group":4},
  {"id":"logic","group":4},
  {"id":"fundamental-groups","group":2},
  {"id":"algebraic-topology","group":2},
  {"id":"combinations","group":10},
  {"id":"volume","group":0},
  {"id":"c-star-algebras","group":8},
  {"id":"operator-algebras","group":8},
  {"id":"multivariable-calculus","group":0},
  {"id":"exponential-function","group":0},
  {"id":"analysis","group":2},
  {"id":"algorithms","group":10},
  {"id":"graph-theory","group":10},
  {"id":"taylor-expansion","group":0},
  {"id":"compactness","group":2},
  {"id":"homology-cohomology","group":2},
  {"id":"stochastic-processes","group":9},
  {"id":"derivatives","group":0},
  {"id":"cyclic-groups","group":5},
  {"id":"trigonometry","group":0},
  {"id":"polynomials","group":5},
  {"id":"diophantine-equations","group":6},
  {"id":"elementary-number-theory","group":6},
  {"id":"recurrence-relations","group":10},
  {"id":"roots","group":5},
  {"id":"sequences-and-series","group":0},
  {"id":"analytic-number-theory","group":6},
  {"id":"number-theory","group":6},
  {"id":"proof-verification","group":7},
  {"id":"proof-writing","group":7},
  {"id":"sheaf-theory","group":5},
  {"id":"improper-integrals","group":1},
  {"id":"stochastic-integrals","group":9},
  {"id":"distribution-theory","group":8},
  {"id":"functional-analysis","group":8},
  {"id":"epsilon-delta","group":0},
  {"id":"ring-theory","group":5},
  {"id":"modules","group":5},
  {"id":"probability-distributions","group":9},
  {"id":"complex-analysis","group":0},
  {"id":"convergence","group":0},
  {"id":"3d","group":0},
  {"id":"geometry","group":0},
  {"id":"permutations","group":10},
  {"id":"special-functions","group":0},
  {"id":"martingales","group":9},
  {"id":"topological-vector-spaces","group":8},
  {"id":"partitions","group":10},
  {"id":"riemannian-geometry","group":2},
  {"id":"spectral-theory","group":8},
  {"id":"partial-derivative","group":0},
  {"id":"matrix-decomposition","group":12},
  {"id":"matrices","group":12},
  {"id":"stochastic-calculus","group":9},
  {"id":"prime-numbers","group":6},
  {"id":"model-theory","group":4},
  {"id":"contest-math","group":10},
  {"id":"conic-sections","group":0},
  {"id":"first-order-logic","group":4},
  {"id":"banach-spaces","group":8},
  {"id":"banach-algebras","group":8},
  {"id":"convex-analysis","group":1},
  {"id":"convex-optimization","group":1},
  {"id":"education","group":11},
  {"id":"soft-question","group":11},
  {"id":"brownian-motion","group":9},
  {"id":"complex-numbers","group":0},
  {"id":"category-theory","group":5},
  {"id":"factoring","group":5},
  {"id":"numerical-methods","group":8},
  {"id":"pde","group":8},
  {"id":"operator-theory","group":8},
  {"id":"vector-spaces","group":12},
  {"id":"markov-process","group":9},
  {"id":"lebesgue-measure","group":1},
  {"id":"limits-without-lhopital","group":0},
  {"id":"nonlinear-optimization","group":1},
  {"id":"optimization","group":1},
  {"id":"hilbert-spaces","group":8},
  {"id":"functions","group":0},
  {"id":"linear-transformations","group":12},
  {"id":"closed-form","group":0},
  {"id":"lie-algebras","group":5},
  {"id":"commutative-algebra","group":5},
  {"id":"summation","group":10},
  {"id":"stochastic-analysis","group":9},
  {"id":"sobolev-spaces","group":8},
  {"id":"finite-fields","group":3},
  {"id":"lie-groups","group":5},
  {"id":"notation","group":13},
  {"id":"elementary-set-theory","group":13},
  {"id":"modular-arithmetic","group":6},
  {"id":"cardinals","group":4},
  {"id":"regression","group":9},
  {"id":"algebraic-number-theory","group":6},
  {"id":"examples-counterexamples","group":2},
  {"id":"graphing-functions","group":0},
  {"id":"homotopy-theory","group":2},
  {"id":"expectation","group":9},
  {"id":"predicate-logic","group":4},
  {"id":"area","group":0},
  {"id":"axiom-of-choice","group":4},
  {"id":"normal-distribution","group":9},
  {"id":"fourier-series","group":0},
  {"id":"connectedness","group":2},
  {"id":"group-theory","group":5},
  {"id":"finite-groups","group":5},
  {"id":"extension-field","group":3},
  {"id":"divisibility","group":6},
  {"id":"inequality","group":0},
  {"id":"propositional-calculus","group":4},
  {"id":"random-variables","group":9},
  {"id":"inverse","group":12},
  {"id":"differential-forms","group":2},
  {"id":"lp-spaces","group":8},
  {"id":"ideals","group":5},
  {"id":"power-series","group":0},
  {"id":"eigenvalues-eigenvectors","group":12},
  {"id":"vector-analysis","group":0},
  {"id":"matrix-equations","group":12},
  {"id":"normed-spaces","group":8},
  {"id":"diagonalization","group":12},
  {"id":"algebra-precalculus","group":0}],
"links": [{"source":"definite-integrals","target":"calculus"},
  {"source":"differential-topology","target":"differential-geometry"},
  {"source":"manifolds","target":"smooth-manifolds"},
  {"source":"representation-theory","target":"abstract-algebra"},
  {"source":"conditional-expectation","target":"probability-theory"},
  {"source":"real-analysis","target":"calculus"},
  {"source":"metric-spaces","target":"general-topology"},
  {"source":"laplace-transform","target":"differential-equations"},
  {"source":"probability","target":"statistics"},
  {"source":"induction","target":"discrete-mathematics"},
  {"source":"real-analysis","target":"measure-theory"},
  {"source":"measure-theory","target":"lebesgue-integral"},
  {"source":"markov-chains","target":"probability-theory"},
  {"source":"algebraic-geometry","target":"algebraic-curves"},
  {"source":"fourier-analysis","target":"integration"},
  {"source":"binomial-coefficients","target":"combinatorics"},
  {"source":"differential-topology","target":"general-topology"},
  {"source":"vectors","target":"linear-algebra"},
  {"source":"continuity","target":"limits"},
  {"source":"galois-theory","target":"field-theory"},
  {"source":"definite-integrals","target":"real-analysis"},
  {"source":"continuity","target":"calculus"},
  {"source":"set-theory","target":"logic"},
  {"source":"fundamental-groups","target":"algebraic-topology"},
  {"source":"combinations","target":"probability"},
  {"source":"volume","target":"integration"},
  {"source":"c-star-algebras","target":"operator-algebras"},
  {"source":"probability","target":"probability-theory"},
  {"source":"multivariable-calculus","target":"integration"},
  {"source":"exponential-function","target":"calculus"},
  {"source":"metric-spaces","target":"analysis"},
  {"source":"algorithms","target":"graph-theory"},
  {"source":"taylor-expansion","target":"calculus"},
  {"source":"compactness","target":"general-topology"},
  {"source":"homology-cohomology","target":"algebraic-topology"},
  {"source":"stochastic-processes","target":"probability-theory"},
  {"source":"derivatives","target":"calculus"},
  {"source":"cyclic-groups","target":"abstract-algebra"},
  {"source":"trigonometry","target":"integration"},
  {"source":"polynomials","target":"abstract-algebra"},
  {"source":"multivariable-calculus","target":"calculus"},
  {"source":"diophantine-equations","target":"elementary-number-theory"},
  {"source":"recurrence-relations","target":"combinatorics"},
  {"source":"polynomials","target":"roots"},
  {"source":"real-analysis","target":"sequences-and-series"},
  {"source":"analytic-number-theory","target":"number-theory"},
  {"source":"proof-verification","target":"proof-writing"},
  {"source":"sheaf-theory","target":"algebraic-geometry"},
  {"source":"definite-integrals","target":"improper-integrals"},
  {"source":"stochastic-integrals","target":"stochastic-processes"},
  {"source":"general-topology","target":"algebraic-topology"},
  {"source":"distribution-theory","target":"functional-analysis"},
  {"source":"epsilon-delta","target":"limits"},
  {"source":"ring-theory","target":"modules"},
  {"source":"probability-distributions","target":"probability-theory"},
  {"source":"complex-analysis","target":"integration"},
  {"source":"sequences-and-series","target":"convergence"},
  {"source":"calculus","target":"limits"},
  {"source":"3d","target":"geometry"},
  {"source":"combinations","target":"permutations"},
  {"source":"special-functions","target":"integration"},
  {"source":"measure-theory","target":"probability-theory"},
  {"source":"martingales","target":"probability-theory"},
  {"source":"martingales","target":"stochastic-processes"},
  {"source":"diophantine-equations","target":"number-theory"},
  {"source":"topological-vector-spaces","target":"functional-analysis"},
  {"source":"partitions","target":"combinatorics"},
  {"source":"combinations","target":"combinatorics"},
  {"source":"sequences-and-series","target":"calculus"},
  {"source":"differential-geometry","target":"riemannian-geometry"},
  {"source":"elementary-number-theory","target":"number-theory"},
  {"source":"convergence","target":"limits"},
  {"source":"spectral-theory","target":"functional-analysis"},
  {"source":"partial-derivative","target":"calculus"},
  {"source":"matrix-decomposition","target":"matrices"},
  {"source":"stochastic-calculus","target":"stochastic-integrals"},
  {"source":"prime-numbers","target":"number-theory"},
  {"source":"model-theory","target":"logic"},
  {"source":"contest-math","target":"elementary-number-theory"},
  {"source":"conic-sections","target":"geometry"},
  {"source":"first-order-logic","target":"logic"},
  {"source":"banach-spaces","target":"functional-analysis"},
  {"source":"banach-algebras","target":"functional-analysis"},
  {"source":"manifolds","target":"differential-topology"},
  {"source":"fourier-analysis","target":"functional-analysis"},
  {"source":"convex-analysis","target":"convex-optimization"},
  {"source":"education","target":"soft-question"},
  {"source":"stochastic-calculus","target":"brownian-motion"},
  {"source":"prime-numbers","target":"elementary-number-theory"},
  {"source":"complex-analysis","target":"complex-numbers"},
  {"source":"category-theory","target":"abstract-algebra"},
  {"source":"stochastic-calculus","target":"probability-theory"},
  {"source":"factoring","target":"polynomials"},
  {"source":"numerical-methods","target":"differential-equations"},
  {"source":"pde","target":"differential-equations"},
  {"source":"operator-theory","target":"functional-analysis"},
  {"source":"vectors","target":"vector-spaces"},
  {"source":"stochastic-calculus","target":"stochastic-processes"},
  {"source":"markov-chains","target":"markov-process"},
  {"source":"measure-theory","target":"lebesgue-measure"},
  {"source":"limits-without-lhopital","target":"calculus"},
  {"source":"nonlinear-optimization","target":"optimization"},
  {"source":"vector-spaces","target":"matrices"},
  {"source":"operator-theory","target":"hilbert-spaces"},
  {"source":"functions","target":"calculus"},
  {"source":"linear-transformations","target":"matrices"},
  {"source":"closed-form","target":"integration"},
  {"source":"lie-algebras","target":"representation-theory"},
  {"source":"special-functions","target":"calculus"},
  {"source":"ring-theory","target":"commutative-algebra"},
  {"source":"linear-algebra","target":"vector-spaces"},
  {"source":"binomial-coefficients","target":"summation"},
  {"source":"stochastic-analysis","target":"stochastic-processes"},
  {"source":"sobolev-spaces","target":"functional-analysis"},
  {"source":"finite-fields","target":"field-theory"},
  {"source":"lie-groups","target":"representation-theory"},
  {"source":"notation","target":"elementary-set-theory"},
  {"source":"pde","target":"sobolev-spaces"},
  {"source":"modular-arithmetic","target":"elementary-number-theory"},
  {"source":"set-theory","target":"cardinals"},
  {"source":"pde","target":"functional-analysis"},
  {"source":"lebesgue-integral","target":"lebesgue-measure"},
  {"source":"operator-algebras","target":"functional-analysis"},
  {"source":"markov-chains","target":"stochastic-processes"},
  {"source":"manifolds","target":"differential-geometry"},
  {"source":"regression","target":"statistics"},
  {"source":"trigonometry","target":"geometry"},
  {"source":"trigonometry","target":"calculus"},
  {"source":"algebraic-number-theory","target":"number-theory"},
  {"source":"examples-counterexamples","target":"general-topology"},
  {"source":"probability","target":"combinatorics"},
  {"source":"graphing-functions","target":"functions"},
  {"source":"algebraic-topology","target":"homotopy-theory"},
  {"source":"volume","target":"calculus"},
  {"source":"commutative-algebra","target":"modules"},
  {"source":"expectation","target":"probability-theory"},
  {"source":"probability-distributions","target":"probability"},
  {"source":"closed-form","target":"sequences-and-series"},
  {"source":"continuity","target":"analysis"},
  {"source":"predicate-logic","target":"logic"},
  {"source":"hilbert-spaces","target":"functional-analysis"},
  {"source":"area","target":"geometry"},
  {"source":"continuity","target":"general-topology"},
  {"source":"set-theory","target":"axiom-of-choice"},
  {"source":"normal-distribution","target":"statistics"},
  {"source":"fourier-series","target":"fourier-analysis"},
  {"source":"connectedness","target":"general-topology"},
  {"source":"lie-groups","target":"lie-algebras"},
  {"source":"manifolds","target":"general-topology"},
  {"source":"definite-integrals","target":"integration"},
  {"source":"group-theory","target":"finite-groups"},
  {"source":"modular-arithmetic","target":"number-theory"},
  {"source":"extension-field","target":"galois-theory"},
  {"source":"markov-chains","target":"probability"},
  {"source":"brownian-motion","target":"stochastic-processes"},
  {"source":"discrete-mathematics","target":"combinatorics"},
  {"source":"elementary-number-theory","target":"divisibility"},
  {"source":"optimization","target":"calculus"},
  {"source":"probability-distributions","target":"statistics"},
  {"source":"sequences-and-series","target":"limits"},
  {"source":"pde","target":"real-analysis"},
  {"source":"inequality","target":"calculus"},
  {"source":"contest-math","target":"combinatorics"},
  {"source":"integration","target":"calculus"},
  {"source":"abstract-algebra","target":"ring-theory"},
  {"source":"propositional-calculus","target":"logic"},
  {"source":"random-variables","target":"probability"},
  {"source":"extension-field","target":"field-theory"},
  {"source":"lebesgue-integral","target":"integration"},
  {"source":"smooth-manifolds","target":"differential-geometry"},
  {"source":"c-star-algebras","target":"functional-analysis"},
  {"source":"convergence","target":"calculus"},
  {"source":"random-variables","target":"statistics"},
  {"source":"inverse","target":"linear-algebra"},
  {"source":"graph-theory","target":"combinatorics"},
  {"source":"analysis","target":"functional-analysis"},
  {"source":"differential-forms","target":"differential-geometry"},
  {"source":"closed-form","target":"calculus"},
  {"source":"brownian-motion","target":"probability-theory"},
  {"source":"cyclic-groups","target":"group-theory"},
  {"source":"differential-topology","target":"algebraic-topology"},
  {"source":"random-variables","target":"probability-theory"},
  {"source":"linear-algebra","target":"matrices"},
  {"source":"lp-spaces","target":"functional-analysis"},
  {"source":"ideals","target":"abstract-algebra"},
  {"source":"representation-theory","target":"finite-groups"},
  {"source":"power-series","target":"calculus"},
  {"source":"eigenvalues-eigenvectors","target":"matrices"},
  {"source":"vector-analysis","target":"calculus"},
  {"source":"matrix-equations","target":"matrices"},
  {"source":"lie-groups","target":"differential-geometry"},
  {"source":"ideals","target":"ring-theory"},
  {"source":"normed-spaces","target":"functional-analysis"},
  {"source":"diagonalization","target":"matrices"},
  {"source":"algebraic-geometry","target":"commutative-algebra"},
  {"source":"limits-without-lhopital","target":"limits"},
  {"source":"inverse","target":"matrices"},
  {"source":"group-theory","target":"abstract-algebra"},
  {"source":"optimization","target":"convex-optimization"},
  {"source":"ideals","target":"commutative-algebra"},
  {"source":"permutations","target":"combinatorics"},
  {"source":"convex-analysis","target":"real-analysis"},
  {"source":"real-analysis","target":"analysis"},
  {"source":"algebra-precalculus","target":"calculus"}]}
